pair_index	cell_a_age_band	cell_a_tenure	cell_b_age_band	cell_b_tenure	pair_family	metric_id	coordinate_id	metric_weight_exact	delta_exact	delta_decimal	weighted_squared_contribution_exact	weighted_squared_contribution_decimal
1	25-34	OWNER	25-34	RENTER	OWNER_RENTER_WITHIN_AGE	M1_NATURAL_TRANSFORM_UNIT_IDENTITY	H_ACCESS_SPACE_ROOMS_PER_PERSON	1	-572717136361/1000000000000	-0.572717136361	328004918281544268322321/1000000000000000000000000	0.328004918281544268322321
1	25-34	OWNER	25-34	RENTER	OWNER_RENTER_WITHIN_AGE	M1_NATURAL_TRANSFORM_UNIT_IDENTITY	K_FIN_MEAN_TRANSFORMED	1	-193039420853/500000000000	-0.386078841706	37264218003261651247609/250000000000000000000000	0.149056872013046604990436
1	25-34	OWNER	25-34	RENTER	OWNER_RENTER_WITHIN_AGE	M1_NATURAL_TRANSFORM_UNIT_IDENTITY	D_PIRTOTAL_MEAN_STATE_TRANSFORMED	1	35580476579/250000000000	0.142321906316	1265970313588767543241/62500000000000000000000	0.020255525017420280691856
1	25-34	OWNER	25-34	RENTER	OWNER_RENTER_WITHIN_AGE	M1_NATURAL_TRANSFORM_UNIT_IDENTITY	I_FYFT_SHARE	1	-1170674890169231/10000000000000000	-0.1170674890169231	1370479698472741064647819131361/100000000000000000000000000000000	0.01370479698472741064647819131361
1	25-34	OWNER	25-34	RENTER	OWNER_RENTER_WITHIN_AGE	M1_NATURAL_TRANSFORM_UNIT_IDENTITY	I_SEARCH_SECURITY	1	-9318261646067937/200000000000000000	-0.046591308230339685	86830000104580738798893219435969/40000000000000000000000000000000000	0.002170750002614518469972330485899225
1	25-34	OWNER	25-34	RENTER	OWNER_RENTER_WITHIN_AGE	M2_CONCEPT_BALANCED_I_SPLIT	H_ACCESS_SPACE_ROOMS_PER_PERSON	1	-572717136361/1000000000000	-0.572717136361	328004918281544268322321/1000000000000000000000000	0.328004918281544268322321
1	25-34	OWNER	25-34	RENTER	OWNER_RENTER_WITHIN_AGE	M2_CONCEPT_BALANCED_I_SPLIT	K_FIN_MEAN_TRANSFORMED	1	-193039420853/500000000000	-0.386078841706	37264218003261651247609/250000000000000000000000	0.149056872013046604990436
1	25-34	OWNER	25-34	RENTER	OWNER_RENTER_WITHIN_AGE	M2_CONCEPT_BALANCED_I_SPLIT	D_PIRTOTAL_MEAN_STATE_TRANSFORMED	1	35580476579/250000000000	0.142321906316	1265970313588767543241/62500000000000000000000	0.020255525017420280691856
1	25-34	OWNER	25-34	RENTER	OWNER_RENTER_WITHIN_AGE	M2_CONCEPT_BALANCED_I_SPLIT	I_FYFT_SHARE	1/2	-1170674890169231/10000000000000000	-0.1170674890169231	1370479698472741064647819131361/200000000000000000000000000000000	0.006852398492363705323239095656805
1	25-34	OWNER	25-34	RENTER	OWNER_RENTER_WITHIN_AGE	M2_CONCEPT_BALANCED_I_SPLIT	I_SEARCH_SECURITY	1/2	-9318261646067937/200000000000000000	-0.046591308230339685	86830000104580738798893219435969/80000000000000000000000000000000000	0.0010853750013072592349861652429496125
2	25-34	OWNER	35-44	OWNER	ADJACENT_AGE_WITHIN_TENURE	M1_NATURAL_TRANSFORM_UNIT_IDENTITY	H_ACCESS_SPACE_ROOMS_PER_PERSON	1	-289689200153/1000000000000	-0.289689200153	83919832685284895223409/1000000000000000000000000	0.083919832685284895223409
2	25-34	OWNER	35-44	OWNER	ADJACENT_AGE_WITHIN_TENURE	M1_NATURAL_TRANSFORM_UNIT_IDENTITY	K_FIN_MEAN_TRANSFORMED	1	876483410009/1000000000000	0.876483410009	768223168021004801380081/1000000000000000000000000	0.768223168021004801380081
2	25-34	OWNER	35-44	OWNER	ADJACENT_AGE_WITHIN_TENURE	M1_NATURAL_TRANSFORM_UNIT_IDENTITY	D_PIRTOTAL_MEAN_STATE_TRANSFORMED	1	7034165433/1000000000000	0.007034165433	49479483338812077489/1000000000000000000000000	0.000049479483338812077489
2	25-34	OWNER	35-44	OWNER	ADJACENT_AGE_WITHIN_TENURE	M1_NATURAL_TRANSFORM_UNIT_IDENTITY	I_FYFT_SHARE	1	68708928910733/6250000000000000	0.01099342862571728	4720916912060161077882597289/39062500000000000000000000000000	0.0001208554729487401235937944905984
2	25-34	OWNER	35-44	OWNER	ADJACENT_AGE_WITHIN_TENURE	M1_NATURAL_TRANSFORM_UNIT_IDENTITY	I_SEARCH_SECURITY	1	15983039860101279/1000000000000000000	0.015983039860101279	255457563169586312187972137435841/1000000000000000000000000000000000000	0.000255457563169586312187972137435841
2	25-34	OWNER	35-44	OWNER	ADJACENT_AGE_WITHIN_TENURE	M2_CONCEPT_BALANCED_I_SPLIT	H_ACCESS_SPACE_ROOMS_PER_PERSON	1	-289689200153/1000000000000	-0.289689200153	83919832685284895223409/1000000000000000000000000	0.083919832685284895223409
2	25-34	OWNER	35-44	OWNER	ADJACENT_AGE_WITHIN_TENURE	M2_CONCEPT_BALANCED_I_SPLIT	K_FIN_MEAN_TRANSFORMED	1	876483410009/1000000000000	0.876483410009	768223168021004801380081/1000000000000000000000000	0.768223168021004801380081
2	25-34	OWNER	35-44	OWNER	ADJACENT_AGE_WITHIN_TENURE	M2_CONCEPT_BALANCED_I_SPLIT	D_PIRTOTAL_MEAN_STATE_TRANSFORMED	1	7034165433/1000000000000	0.007034165433	49479483338812077489/1000000000000000000000000	0.000049479483338812077489
2	25-34	OWNER	35-44	OWNER	ADJACENT_AGE_WITHIN_TENURE	M2_CONCEPT_BALANCED_I_SPLIT	I_FYFT_SHARE	1/2	68708928910733/6250000000000000	0.01099342862571728	4720916912060161077882597289/78125000000000000000000000000000	0.0000604277364743700617968972452992
2	25-34	OWNER	35-44	OWNER	ADJACENT_AGE_WITHIN_TENURE	M2_CONCEPT_BALANCED_I_SPLIT	I_SEARCH_SECURITY	1/2	15983039860101279/1000000000000000000	0.015983039860101279	255457563169586312187972137435841/2000000000000000000000000000000000000	0.0001277287815847931560939860687179205
3	25-34	OWNER	35-44	RENTER	OTHER_PAIRWISE	M1_NATURAL_TRANSFORM_UNIT_IDENTITY	H_ACCESS_SPACE_ROOMS_PER_PERSON	1	-127224422187/200000000000	-0.636122110935	16186053600816017862969/40000000000000000000000	0.404651340020400446574225
3	25-34	OWNER	35-44	RENTER	OTHER_PAIRWISE	M1_NATURAL_TRANSFORM_UNIT_IDENTITY	K_FIN_MEAN_TRANSFORMED	1	-205979874023/1000000000000	-0.205979874023	42427708502530950204529/1000000000000000000000000	0.042427708502530950204529
3	25-34	OWNER	35-44	RENTER	OTHER_PAIRWISE	M1_NATURAL_TRANSFORM_UNIT_IDENTITY	D_PIRTOTAL_MEAN_STATE_TRANSFORMED	1	65800843677/500000000000	0.131601687354	4329751028604990880329/250000000000000000000000	0.017319004114419963521316
3	25-34	OWNER	35-44	RENTER	OTHER_PAIRWISE	M1_NATURAL_TRANSFORM_UNIT_IDENTITY	I_FYFT_SHARE	1	-11993801058220121/100000000000000000	-0.11993801058220121	143851263824162094329424489254641/10000000000000000000000000000000000	0.0143851263824162094329424489254641
3	25-34	OWNER	35-44	RENTER	OTHER_PAIRWISE	M1_NATURAL_TRANSFORM_UNIT_IDENTITY	I_SEARCH_SECURITY	1	-26649183391669849/1000000000000000000	-0.026649183391669849	710178975442852116572004615682801/1000000000000000000000000000000000000	0.000710178975442852116572004615682801
3	25-34	OWNER	35-44	RENTER	OTHER_PAIRWISE	M2_CONCEPT_BALANCED_I_SPLIT	H_ACCESS_SPACE_ROOMS_PER_PERSON	1	-127224422187/200000000000	-0.636122110935	16186053600816017862969/40000000000000000000000	0.404651340020400446574225
3	25-34	OWNER	35-44	RENTER	OTHER_PAIRWISE	M2_CONCEPT_BALANCED_I_SPLIT	K_FIN_MEAN_TRANSFORMED	1	-205979874023/1000000000000	-0.205979874023	42427708502530950204529/1000000000000000000000000	0.042427708502530950204529
3	25-34	OWNER	35-44	RENTER	OTHER_PAIRWISE	M2_CONCEPT_BALANCED_I_SPLIT	D_PIRTOTAL_MEAN_STATE_TRANSFORMED	1	65800843677/500000000000	0.131601687354	4329751028604990880329/250000000000000000000000	0.017319004114419963521316
3	25-34	OWNER	35-44	RENTER	OTHER_PAIRWISE	M2_CONCEPT_BALANCED_I_SPLIT	I_FYFT_SHARE	1/2	-11993801058220121/100000000000000000	-0.11993801058220121	143851263824162094329424489254641/20000000000000000000000000000000000	0.00719256319120810471647122446273205
3	25-34	OWNER	35-44	RENTER	OTHER_PAIRWISE	M2_CONCEPT_BALANCED_I_SPLIT	I_SEARCH_SECURITY	1/2	-26649183391669849/1000000000000000000	-0.026649183391669849	710178975442852116572004615682801/2000000000000000000000000000000000000	0.0003550894877214260582860023078414005
4	25-34	OWNER	45-54	OWNER	OTHER_PAIRWISE	M1_NATURAL_TRANSFORM_UNIT_IDENTITY	H_ACCESS_SPACE_ROOMS_PER_PERSON	1	36708085737/250000000000	0.146832342948	1347483558474942833169/62500000000000000000000	0.021559736935599085330704
4	25-34	OWNER	45-54	OWNER	OTHER_PAIRWISE	M1_NATURAL_TRANSFORM_UNIT_IDENTITY	K_FIN_MEAN_TRANSFORMED	1	285309080199/200000000000	1.426545400995	81401271243999413879601/40000000000000000000000	2.035031781099985346990025
4	25-34	OWNER	45-54	OWNER	OTHER_PAIRWISE	M1_NATURAL_TRANSFORM_UNIT_IDENTITY	D_PIRTOTAL_MEAN_STATE_TRANSFORMED	1	-6735895819/250000000000	-0.026943583276	45372292484421680761/62500000000000000000000	0.000725956679750746892176
4	25-34	OWNER	45-54	OWNER	OTHER_PAIRWISE	M1_NATURAL_TRANSFORM_UNIT_IDENTITY	I_FYFT_SHARE	1	-316838436154947/20000000000000000	-0.01584192180774735	100386594625112426309792572809/400000000000000000000000000000000	0.0002509664865627810657744814320225
4	25-34	OWNER	45-54	OWNER	OTHER_PAIRWISE	M1_NATURAL_TRANSFORM_UNIT_IDENTITY	I_SEARCH_SECURITY	1	2765553035573437/200000000000000000	0.013827765177867185	7648283592569452096791419992969/40000000000000000000000000000000000	0.000191207089814236302419785499824225
4	25-34	OWNER	45-54	OWNER	OTHER_PAIRWISE	M2_CONCEPT_BALANCED_I_SPLIT	H_ACCESS_SPACE_ROOMS_PER_PERSON	1	36708085737/250000000000	0.146832342948	1347483558474942833169/62500000000000000000000	0.021559736935599085330704
4	25-34	OWNER	45-54	OWNER	OTHER_PAIRWISE	M2_CONCEPT_BALANCED_I_SPLIT	K_FIN_MEAN_TRANSFORMED	1	285309080199/200000000000	1.426545400995	81401271243999413879601/40000000000000000000000	2.035031781099985346990025
4	25-34	OWNER	45-54	OWNER	OTHER_PAIRWISE	M2_CONCEPT_BALANCED_I_SPLIT	D_PIRTOTAL_MEAN_STATE_TRANSFORMED	1	-6735895819/250000000000	-0.026943583276	45372292484421680761/62500000000000000000000	0.000725956679750746892176
4	25-34	OWNER	45-54	OWNER	OTHER_PAIRWISE	M2_CONCEPT_BALANCED_I_SPLIT	I_FYFT_SHARE	1/2	-316838436154947/20000000000000000	-0.01584192180774735	100386594625112426309792572809/800000000000000000000000000000000	0.00012548324328139053288724071601125
4	25-34	OWNER	45-54	OWNER	OTHER_PAIRWISE	M2_CONCEPT_BALANCED_I_SPLIT	I_SEARCH_SECURITY	1/2	2765553035573437/200000000000000000	0.013827765177867185	7648283592569452096791419992969/80000000000000000000000000000000000	0.0000956035449071181512098927499121125
5	25-34	OWNER	45-54	RENTER	OTHER_PAIRWISE	M1_NATURAL_TRANSFORM_UNIT_IDENTITY	H_ACCESS_SPACE_ROOMS_PER_PERSON	1	-80908108159/250000000000	-0.323632432636	6546121965868442369281/62500000000000000000000	0.104737951453895077908496
5	25-34	OWNER	45-54	RENTER	OTHER_PAIRWISE	M1_NATURAL_TRANSFORM_UNIT_IDENTITY	K_FIN_MEAN_TRANSFORMED	1	-199910220677/500000000000	-0.399820441354	39964096331126838338329/250000000000000000000000	0.159856385324507353353316
5	25-34	OWNER	45-54	RENTER	OTHER_PAIRWISE	M1_NATURAL_TRANSFORM_UNIT_IDENTITY	D_PIRTOTAL_MEAN_STATE_TRANSFORMED	1	144713181223/1000000000000	0.144713181223	20941904819680839775729/1000000000000000000000000	0.020941904819680839775729
5	25-34	OWNER	45-54	RENTER	OTHER_PAIRWISE	M1_NATURAL_TRANSFORM_UNIT_IDENTITY	I_FYFT_SHARE	1	-16109952164200891/100000000000000000	-0.16109952164200891	259530558732840971696396605193881/10000000000000000000000000000000000	0.0259530558732840971696396605193881
5	25-34	OWNER	45-54	RENTER	OTHER_PAIRWISE	M1_NATURAL_TRANSFORM_UNIT_IDENTITY	I_SEARCH_SECURITY	1	-2295056520762547/125000000000000000	-0.018360452166100376	5267284433494687328894357927209/15625000000000000000000000000000000	0.000337106203743659989049238907341376
5	25-34	OWNER	45-54	RENTER	OTHER_PAIRWISE	M2_CONCEPT_BALANCED_I_SPLIT	H_ACCESS_SPACE_ROOMS_PER_PERSON	1	-80908108159/250000000000	-0.323632432636	6546121965868442369281/62500000000000000000000	0.104737951453895077908496
5	25-34	OWNER	45-54	RENTER	OTHER_PAIRWISE	M2_CONCEPT_BALANCED_I_SPLIT	K_FIN_MEAN_TRANSFORMED	1	-199910220677/500000000000	-0.399820441354	39964096331126838338329/250000000000000000000000	0.159856385324507353353316
5	25-34	OWNER	45-54	RENTER	OTHER_PAIRWISE	M2_CONCEPT_BALANCED_I_SPLIT	D_PIRTOTAL_MEAN_STATE_TRANSFORMED	1	144713181223/1000000000000	0.144713181223	20941904819680839775729/1000000000000000000000000	0.020941904819680839775729
5	25-34	OWNER	45-54	RENTER	OTHER_PAIRWISE	M2_CONCEPT_BALANCED_I_SPLIT	I_FYFT_SHARE	1/2	-16109952164200891/100000000000000000	-0.16109952164200891	259530558732840971696396605193881/20000000000000000000000000000000000	0.01297652793664204858481983025969405
5	25-34	OWNER	45-54	RENTER	OTHER_PAIRWISE	M2_CONCEPT_BALANCED_I_SPLIT	I_SEARCH_SECURITY	1/2	-2295056520762547/125000000000000000	-0.018360452166100376	5267284433494687328894357927209/31250000000000000000000000000000000	0.000168553101871829994524619453670688
6	25-34	OWNER	55-64	OWNER	OTHER_PAIRWISE	M1_NATURAL_TRANSFORM_UNIT_IDENTITY	H_ACCESS_SPACE_ROOMS_PER_PERSON	1	450758024151/500000000000	0.901516048302	203182796336513499270801/250000000000000000000000	0.812731185346053997083204
6	25-34	OWNER	55-64	OWNER	OTHER_PAIRWISE	M1_NATURAL_TRANSFORM_UNIT_IDENTITY	K_FIN_MEAN_TRANSFORMED	1	115926328251/62500000000	1.854821252016	13438913581758600719001/3906250000000000000000	3.440361876930201784064256
6	25-34	OWNER	55-64	OWNER	OTHER_PAIRWISE	M1_NATURAL_TRANSFORM_UNIT_IDENTITY	D_PIRTOTAL_MEAN_STATE_TRANSFORMED	1	-10372788181/100000000000	-0.10372788181	107594734647893288761/10000000000000000000000	0.0107594734647893288761
6	25-34	OWNER	55-64	OWNER	OTHER_PAIRWISE	M1_NATURAL_TRANSFORM_UNIT_IDENTITY	I_FYFT_SHARE	1	-878453418206947/5000000000000000	-0.1756906836413894	771680407959469323032519060809/25000000000000000000000000000000	0.03086721631837877292130076243236
6	25-34	OWNER	55-64	OWNER	OTHER_PAIRWISE	M1_NATURAL_TRANSFORM_UNIT_IDENTITY	I_SEARCH_SECURITY	1	15743364414796249/1000000000000000000	0.015743364414796249	247853523097072839739200184470001/1000000000000000000000000000000000000	0.000247853523097072839739200184470001
6	25-34	OWNER	55-64	OWNER	OTHER_PAIRWISE	M2_CONCEPT_BALANCED_I_SPLIT	H_ACCESS_SPACE_ROOMS_PER_PERSON	1	450758024151/500000000000	0.901516048302	203182796336513499270801/250000000000000000000000	0.812731185346053997083204
6	25-34	OWNER	55-64	OWNER	OTHER_PAIRWISE	M2_CONCEPT_BALANCED_I_SPLIT	K_FIN_MEAN_TRANSFORMED	1	115926328251/62500000000	1.854821252016	13438913581758600719001/3906250000000000000000	3.440361876930201784064256
6	25-34	OWNER	55-64	OWNER	OTHER_PAIRWISE	M2_CONCEPT_BALANCED_I_SPLIT	D_PIRTOTAL_MEAN_STATE_TRANSFORMED	1	-10372788181/100000000000	-0.10372788181	107594734647893288761/10000000000000000000000	0.0107594734647893288761
6	25-34	OWNER	55-64	OWNER	OTHER_PAIRWISE	M2_CONCEPT_BALANCED_I_SPLIT	I_FYFT_SHARE	1/2	-878453418206947/5000000000000000	-0.1756906836413894	771680407959469323032519060809/50000000000000000000000000000000	0.01543360815918938646065038121618
6	25-34	OWNER	55-64	OWNER	OTHER_PAIRWISE	M2_CONCEPT_BALANCED_I_SPLIT	I_SEARCH_SECURITY	1/2	15743364414796249/1000000000000000000	0.015743364414796249	247853523097072839739200184470001/2000000000000000000000000000000000000	0.0001239267615485364198696000922350005
7	25-34	OWNER	55-64	RENTER	OTHER_PAIRWISE	M1_NATURAL_TRANSFORM_UNIT_IDENTITY	H_ACCESS_SPACE_ROOMS_PER_PERSON	1	129343603459/1000000000000	0.129343603459	16729767755759036764681/1000000000000000000000000	0.016729767755759036764681
7	25-34	OWNER	55-64	RENTER	OTHER_PAIRWISE	M1_NATURAL_TRANSFORM_UNIT_IDENTITY	K_FIN_MEAN_TRANSFORMED	1	313703514499/1000000000000	0.313703514499	98409895009024303221001/1000000000000000000000000	0.098409895009024303221001
7	25-34	OWNER	55-64	RENTER	OTHER_PAIRWISE	M1_NATURAL_TRANSFORM_UNIT_IDENTITY	D_PIRTOTAL_MEAN_STATE_TRANSFORMED	1	1142878509/500000000000	0.002285757018	1306171286334063081/250000000000000000000000	0.000005224685145336252324
7	25-34	OWNER	55-64	RENTER	OTHER_PAIRWISE	M1_NATURAL_TRANSFORM_UNIT_IDENTITY	I_FYFT_SHARE	1	-35118746009895241/100000000000000000	-0.35118746009895241	1233326321307532910673487794448081/10000000000000000000000000000000000	0.1233326321307532910673487794448081
7	25-34	OWNER	55-64	RENTER	OTHER_PAIRWISE	M1_NATURAL_TRANSFORM_UNIT_IDENTITY	I_SEARCH_SECURITY	1	-1610491597505437/125000000000000000	-0.012883932780043496	2593683185635614491881244560969/15625000000000000000000000000000000	0.000165995723880679327480399651902016
7	25-34	OWNER	55-64	RENTER	OTHER_PAIRWISE	M2_CONCEPT_BALANCED_I_SPLIT	H_ACCESS_SPACE_ROOMS_PER_PERSON	1	129343603459/1000000000000	0.129343603459	16729767755759036764681/1000000000000000000000000	0.016729767755759036764681
7	25-34	OWNER	55-64	RENTER	OTHER_PAIRWISE	M2_CONCEPT_BALANCED_I_SPLIT	K_FIN_MEAN_TRANSFORMED	1	313703514499/1000000000000	0.313703514499	98409895009024303221001/1000000000000000000000000	0.098409895009024303221001
7	25-34	OWNER	55-64	RENTER	OTHER_PAIRWISE	M2_CONCEPT_BALANCED_I_SPLIT	D_PIRTOTAL_MEAN_STATE_TRANSFORMED	1	1142878509/500000000000	0.002285757018	1306171286334063081/250000000000000000000000	0.000005224685145336252324
7	25-34	OWNER	55-64	RENTER	OTHER_PAIRWISE	M2_CONCEPT_BALANCED_I_SPLIT	I_FYFT_SHARE	1/2	-35118746009895241/100000000000000000	-0.35118746009895241	1233326321307532910673487794448081/20000000000000000000000000000000000	0.06166631606537664553367438972240405
7	25-34	OWNER	55-64	RENTER	OTHER_PAIRWISE	M2_CONCEPT_BALANCED_I_SPLIT	I_SEARCH_SECURITY	1/2	-1610491597505437/125000000000000000	-0.012883932780043496	2593683185635614491881244560969/31250000000000000000000000000000000	0.000082997861940339663740199825951008
8	25-34	RENTER	35-44	OWNER	OTHER_PAIRWISE	M1_NATURAL_TRANSFORM_UNIT_IDENTITY	H_ACCESS_SPACE_ROOMS_PER_PERSON	1	17689246013/62500000000	0.283027936208	312909424508436396169/3906250000000000000000	0.080104812674159717419264
8	25-34	RENTER	35-44	OWNER	OTHER_PAIRWISE	M1_NATURAL_TRANSFORM_UNIT_IDENTITY	K_FIN_MEAN_TRANSFORMED	1	252512450343/200000000000	1.262562251715	63762537578226040817649/40000000000000000000000	1.594063439455651020441225
8	25-34	RENTER	35-44	OWNER	OTHER_PAIRWISE	M1_NATURAL_TRANSFORM_UNIT_IDENTITY	D_PIRTOTAL_MEAN_STATE_TRANSFORMED	1	-135287740883/1000000000000	-0.135287740883	18302772833225749619689/1000000000000000000000000	0.018302772833225749619689
8	25-34	RENTER	35-44	OWNER	OTHER_PAIRWISE	M1_NATURAL_TRANSFORM_UNIT_IDENTITY	I_FYFT_SHARE	1	6403045882132019/50000000000000000	0.12806091764264038	40998996568687805352608945016361/2500000000000000000000000000000000	0.0163995986274751221410435780065444
8	25-34	RENTER	35-44	OWNER	OTHER_PAIRWISE	M1_NATURAL_TRANSFORM_UNIT_IDENTITY	I_SEARCH_SECURITY	1	15643587022610241/250000000000000000	0.062574348090440964	244721814933979544860156998078081/62500000000000000000000000000000000	0.003915549038943672717762511969249296
8	25-34	RENTER	35-44	OWNER	OTHER_PAIRWISE	M2_CONCEPT_BALANCED_I_SPLIT	H_ACCESS_SPACE_ROOMS_PER_PERSON	1	17689246013/62500000000	0.283027936208	312909424508436396169/3906250000000000000000	0.080104812674159717419264
8	25-34	RENTER	35-44	OWNER	OTHER_PAIRWISE	M2_CONCEPT_BALANCED_I_SPLIT	K_FIN_MEAN_TRANSFORMED	1	252512450343/200000000000	1.262562251715	63762537578226040817649/40000000000000000000000	1.594063439455651020441225
8	25-34	RENTER	35-44	OWNER	OTHER_PAIRWISE	M2_CONCEPT_BALANCED_I_SPLIT	D_PIRTOTAL_MEAN_STATE_TRANSFORMED	1	-135287740883/1000000000000	-0.135287740883	18302772833225749619689/1000000000000000000000000	0.018302772833225749619689
8	25-34	RENTER	35-44	OWNER	OTHER_PAIRWISE	M2_CONCEPT_BALANCED_I_SPLIT	I_FYFT_SHARE	1/2	6403045882132019/50000000000000000	0.12806091764264038	40998996568687805352608945016361/5000000000000000000000000000000000	0.0081997993137375610705217890032722
8	25-34	RENTER	35-44	OWNER	OTHER_PAIRWISE	M2_CONCEPT_BALANCED_I_SPLIT	I_SEARCH_SECURITY	1/2	15643587022610241/250000000000000000	0.062574348090440964	244721814933979544860156998078081/125000000000000000000000000000000000	0.001957774519471836358881255984624648
9	25-34	RENTER	35-44	RENTER	ADJACENT_AGE_WITHIN_TENURE	M1_NATURAL_TRANSFORM_UNIT_IDENTITY	H_ACCESS_SPACE_ROOMS_PER_PERSON	1	-31702487287/500000000000	-0.063404974574	1005047700182396620369/250000000000000000000000	0.004020190800729586481476
9	25-34	RENTER	35-44	RENTER	ADJACENT_AGE_WITHIN_TENURE	M1_NATURAL_TRANSFORM_UNIT_IDENTITY	K_FIN_MEAN_TRANSFORMED	1	180098967683/1000000000000	0.180098967683	32435638160482278388489/1000000000000000000000000	0.032435638160482278388489
9	25-34	RENTER	35-44	RENTER	ADJACENT_AGE_WITHIN_TENURE	M1_NATURAL_TRANSFORM_UNIT_IDENTITY	D_PIRTOTAL_MEAN_STATE_TRANSFORMED	1	-5360109481/500000000000	-0.010720218962	28730773648306089361/250000000000000000000000	0.000114923094593224357444
9	25-34	RENTER	35-44	RENTER	ADJACENT_AGE_WITHIN_TENURE	M1_NATURAL_TRANSFORM_UNIT_IDENTITY	I_FYFT_SHARE	1	-287052156527811/100000000000000000	-0.00287052156527811	82398940567266907299616451721/10000000000000000000000000000000000	0.0000082398940567266907299616451721
9	25-34	RENTER	35-44	RENTER	ADJACENT_AGE_WITHIN_TENURE	M1_NATURAL_TRANSFORM_UNIT_IDENTITY	I_SEARCH_SECURITY	1	4985531209667459/250000000000000000	0.019942124838669836	24855521442568277031901363516681/62500000000000000000000000000000000	0.000397688343081092432510421816266896
9	25-34	RENTER	35-44	RENTER	ADJACENT_AGE_WITHIN_TENURE	M2_CONCEPT_BALANCED_I_SPLIT	H_ACCESS_SPACE_ROOMS_PER_PERSON	1	-31702487287/500000000000	-0.063404974574	1005047700182396620369/250000000000000000000000	0.004020190800729586481476
9	25-34	RENTER	35-44	RENTER	ADJACENT_AGE_WITHIN_TENURE	M2_CONCEPT_BALANCED_I_SPLIT	K_FIN_MEAN_TRANSFORMED	1	180098967683/1000000000000	0.180098967683	32435638160482278388489/1000000000000000000000000	0.032435638160482278388489
9	25-34	RENTER	35-44	RENTER	ADJACENT_AGE_WITHIN_TENURE	M2_CONCEPT_BALANCED_I_SPLIT	D_PIRTOTAL_MEAN_STATE_TRANSFORMED	1	-5360109481/500000000000	-0.010720218962	28730773648306089361/250000000000000000000000	0.000114923094593224357444
9	25-34	RENTER	35-44	RENTER	ADJACENT_AGE_WITHIN_TENURE	M2_CONCEPT_BALANCED_I_SPLIT	I_FYFT_SHARE	1/2	-287052156527811/100000000000000000	-0.00287052156527811	82398940567266907299616451721/20000000000000000000000000000000000	0.00000411994702836334536498082258605
9	25-34	RENTER	35-44	RENTER	ADJACENT_AGE_WITHIN_TENURE	M2_CONCEPT_BALANCED_I_SPLIT	I_SEARCH_SECURITY	1/2	4985531209667459/250000000000000000	0.019942124838669836	24855521442568277031901363516681/125000000000000000000000000000000000	0.000198844171540546216255210908133448
10	25-34	RENTER	45-54	OWNER	OTHER_PAIRWISE	M1_NATURAL_TRANSFORM_UNIT_IDENTITY	H_ACCESS_SPACE_ROOMS_PER_PERSON	1	719549479309/1000000000000	0.719549479309	517751453173853019117481/1000000000000000000000000	0.517751453173853019117481
10	25-34	RENTER	45-54	OWNER	OTHER_PAIRWISE	M1_NATURAL_TRANSFORM_UNIT_IDENTITY	K_FIN_MEAN_TRANSFORMED	1	1812624242701/1000000000000	1.812624242701	3285606645227373751775401/1000000000000000000000000	3.285606645227373751775401
10	25-34	RENTER	45-54	OWNER	OTHER_PAIRWISE	M1_NATURAL_TRANSFORM_UNIT_IDENTITY	D_PIRTOTAL_MEAN_STATE_TRANSFORMED	1	-21158186199/125000000000	-0.169265489592	447668843231554067601/15625000000000000000000	0.028650805966819460326464
10	25-34	RENTER	45-54	OWNER	OTHER_PAIRWISE	M1_NATURAL_TRANSFORM_UNIT_IDENTITY	I_FYFT_SHARE	1	404902268836703/4000000000000000	0.10122556720917575	163945847309109709384879910209/16000000000000000000000000000000	0.0102466154568193568365549943880625
10	25-34	RENTER	45-54	OWNER	OTHER_PAIRWISE	M1_NATURAL_TRANSFORM_UNIT_IDENTITY	I_SEARCH_SECURITY	1	6041907340820687/100000000000000000	0.06041907340820687	36504644315062905218958687151969/10000000000000000000000000000000000	0.0036504644315062905218958687151969
10	25-34	RENTER	45-54	OWNER	OTHER_PAIRWISE	M2_CONCEPT_BALANCED_I_SPLIT	H_ACCESS_SPACE_ROOMS_PER_PERSON	1	719549479309/1000000000000	0.719549479309	517751453173853019117481/1000000000000000000000000	0.517751453173853019117481
10	25-34	RENTER	45-54	OWNER	OTHER_PAIRWISE	M2_CONCEPT_BALANCED_I_SPLIT	K_FIN_MEAN_TRANSFORMED	1	1812624242701/1000000000000	1.812624242701	3285606645227373751775401/1000000000000000000000000	3.285606645227373751775401
10	25-34	RENTER	45-54	OWNER	OTHER_PAIRWISE	M2_CONCEPT_BALANCED_I_SPLIT	D_PIRTOTAL_MEAN_STATE_TRANSFORMED	1	-21158186199/125000000000	-0.169265489592	447668843231554067601/15625000000000000000000	0.028650805966819460326464
10	25-34	RENTER	45-54	OWNER	OTHER_PAIRWISE	M2_CONCEPT_BALANCED_I_SPLIT	I_FYFT_SHARE	1/2	404902268836703/4000000000000000	0.10122556720917575	163945847309109709384879910209/32000000000000000000000000000000	0.00512330772840967841827749719403125
10	25-34	RENTER	45-54	OWNER	OTHER_PAIRWISE	M2_CONCEPT_BALANCED_I_SPLIT	I_SEARCH_SECURITY	1/2	6041907340820687/100000000000000000	0.06041907340820687	36504644315062905218958687151969/20000000000000000000000000000000000	0.00182523221575314526094793435759845
11	25-34	RENTER	45-54	RENTER	OTHER_PAIRWISE	M1_NATURAL_TRANSFORM_UNIT_IDENTITY	H_ACCESS_SPACE_ROOMS_PER_PERSON	1	9963388149/40000000000	0.249084703725	99269103407633646201/1600000000000000000000	0.062043189629771028875625
11	25-34	RENTER	45-54	RENTER	OTHER_PAIRWISE	M1_NATURAL_TRANSFORM_UNIT_IDENTITY	K_FIN_MEAN_TRANSFORMED	1	-429424989/31250000000	-0.013741599648	184405821177650121/976562500000000000000	0.000188831560885913723904
11	25-34	RENTER	45-54	RENTER	OTHER_PAIRWISE	M1_NATURAL_TRANSFORM_UNIT_IDENTITY	D_PIRTOTAL_MEAN_STATE_TRANSFORMED	1	2391274907/1000000000000	0.002391274907	5718195680847858649/1000000000000000000000000	0.000005718195680847858649
11	25-34	RENTER	45-54	RENTER	OTHER_PAIRWISE	M1_NATURAL_TRANSFORM_UNIT_IDENTITY	I_FYFT_SHARE	1	-4403203262508581/100000000000000000	-0.04403203262508581	19388198970966211680641098633561/10000000000000000000000000000000000	0.0019388198970966211680641098633561
11	25-34	RENTER	45-54	RENTER	OTHER_PAIRWISE	M1_NATURAL_TRANSFORM_UNIT_IDENTITY	I_SEARCH_SECURITY	1	28230856064239309/1000000000000000000	0.028230856064239309	796981234119797367963696820797481/1000000000000000000000000000000000000	0.000796981234119797367963696820797481
11	25-34	RENTER	45-54	RENTER	OTHER_PAIRWISE	M2_CONCEPT_BALANCED_I_SPLIT	H_ACCESS_SPACE_ROOMS_PER_PERSON	1	9963388149/40000000000	0.249084703725	99269103407633646201/1600000000000000000000	0.062043189629771028875625
11	25-34	RENTER	45-54	RENTER	OTHER_PAIRWISE	M2_CONCEPT_BALANCED_I_SPLIT	K_FIN_MEAN_TRANSFORMED	1	-429424989/31250000000	-0.013741599648	184405821177650121/976562500000000000000	0.000188831560885913723904
11	25-34	RENTER	45-54	RENTER	OTHER_PAIRWISE	M2_CONCEPT_BALANCED_I_SPLIT	D_PIRTOTAL_MEAN_STATE_TRANSFORMED	1	2391274907/1000000000000	0.002391274907	5718195680847858649/1000000000000000000000000	0.000005718195680847858649
11	25-34	RENTER	45-54	RENTER	OTHER_PAIRWISE	M2_CONCEPT_BALANCED_I_SPLIT	I_FYFT_SHARE	1/2	-4403203262508581/100000000000000000	-0.04403203262508581	19388198970966211680641098633561/20000000000000000000000000000000000	0.00096940994854831058403205493167805
11	25-34	RENTER	45-54	RENTER	OTHER_PAIRWISE	M2_CONCEPT_BALANCED_I_SPLIT	I_SEARCH_SECURITY	1/2	28230856064239309/1000000000000000000	0.028230856064239309	796981234119797367963696820797481/2000000000000000000000000000000000000	0.0003984906170598986839818484103987405
12	25-34	RENTER	55-64	OWNER	OTHER_PAIRWISE	M1_NATURAL_TRANSFORM_UNIT_IDENTITY	H_ACCESS_SPACE_ROOMS_PER_PERSON	1	1474233184663/1000000000000	1.474233184663	2173363482761611058423569/1000000000000000000000000	2.173363482761611058423569
12	25-34	RENTER	55-64	OWNER	OTHER_PAIRWISE	M1_NATURAL_TRANSFORM_UNIT_IDENTITY	K_FIN_MEAN_TRANSFORMED	1	1120450046861/500000000000	2.240900093722	1255408307510817095953321/250000000000000000000000	5.021633230043268383813284
12	25-34	RENTER	55-64	OWNER	OTHER_PAIRWISE	M1_NATURAL_TRANSFORM_UNIT_IDENTITY	D_PIRTOTAL_MEAN_STATE_TRANSFORMED	1	-123024894063/500000000000	-0.246049788126	15135124559212372647969/250000000000000000000000	0.060540498236849490591876
12	25-34	RENTER	55-64	OWNER	OTHER_PAIRWISE	M1_NATURAL_TRANSFORM_UNIT_IDENTITY	I_FYFT_SHARE	1	-586231946244663/10000000000000000	-0.0586231946244663	343667894797805449268255983569/100000000000000000000000000000000	0.00343667894797805449268255983569
12	25-34	RENTER	55-64	OWNER	OTHER_PAIRWISE	M1_NATURAL_TRANSFORM_UNIT_IDENTITY	I_SEARCH_SECURITY	1	31167336322567967/500000000000000000	0.062334672645135934	971402853444064524701917334513089/250000000000000000000000000000000000	0.003885611413776258098807669338052356
12	25-34	RENTER	55-64	OWNER	OTHER_PAIRWISE	M2_CONCEPT_BALANCED_I_SPLIT	H_ACCESS_SPACE_ROOMS_PER_PERSON	1	1474233184663/1000000000000	1.474233184663	2173363482761611058423569/1000000000000000000000000	2.173363482761611058423569
12	25-34	RENTER	55-64	OWNER	OTHER_PAIRWISE	M2_CONCEPT_BALANCED_I_SPLIT	K_FIN_MEAN_TRANSFORMED	1	1120450046861/500000000000	2.240900093722	1255408307510817095953321/250000000000000000000000	5.021633230043268383813284
12	25-34	RENTER	55-64	OWNER	OTHER_PAIRWISE	M2_CONCEPT_BALANCED_I_SPLIT	D_PIRTOTAL_MEAN_STATE_TRANSFORMED	1	-123024894063/500000000000	-0.246049788126	15135124559212372647969/250000000000000000000000	0.060540498236849490591876
12	25-34	RENTER	55-64	OWNER	OTHER_PAIRWISE	M2_CONCEPT_BALANCED_I_SPLIT	I_FYFT_SHARE	1/2	-586231946244663/10000000000000000	-0.0586231946244663	343667894797805449268255983569/200000000000000000000000000000000	0.001718339473989027246341279917845
12	25-34	RENTER	55-64	OWNER	OTHER_PAIRWISE	M2_CONCEPT_BALANCED_I_SPLIT	I_SEARCH_SECURITY	1/2	31167336322567967/500000000000000000	0.062334672645135934	971402853444064524701917334513089/500000000000000000000000000000000000	0.001942805706888129049403834669026178
13	25-34	RENTER	55-64	RENTER	OTHER_PAIRWISE	M1_NATURAL_TRANSFORM_UNIT_IDENTITY	H_ACCESS_SPACE_ROOMS_PER_PERSON	1	35103036991/50000000000	0.70206073982	1232223205991514334081/2500000000000000000000	0.4928892823966057336324
13	25-34	RENTER	55-64	RENTER	OTHER_PAIRWISE	M1_NATURAL_TRANSFORM_UNIT_IDENTITY	K_FIN_MEAN_TRANSFORMED	1	139956471241/200000000000	0.699782356205	19587813842232860080081/40000000000000000000000	0.489695346055821502002025
13	25-34	RENTER	55-64	RENTER	OTHER_PAIRWISE	M1_NATURAL_TRANSFORM_UNIT_IDENTITY	D_PIRTOTAL_MEAN_STATE_TRANSFORMED	1	-70018074649/500000000000	-0.140036149298	4902530777552936473201/250000000000000000000000	0.019610123110211745892804
13	25-34	RENTER	55-64	RENTER	OTHER_PAIRWISE	M1_NATURAL_TRANSFORM_UNIT_IDENTITY	I_FYFT_SHARE	1	-23411997108202931/100000000000000000	-0.23411997108202931	548121608594502403634288276990761/10000000000000000000000000000000000	0.0548121608594502403634288276990761
13	25-34	RENTER	55-64	RENTER	OTHER_PAIRWISE	M1_NATURAL_TRANSFORM_UNIT_IDENTITY	I_SEARCH_SECURITY	1	33707375450296189/1000000000000000000	0.033707375450296189	1136187159747230210154407827923721/1000000000000000000000000000000000000	0.001136187159747230210154407827923721
13	25-34	RENTER	55-64	RENTER	OTHER_PAIRWISE	M2_CONCEPT_BALANCED_I_SPLIT	H_ACCESS_SPACE_ROOMS_PER_PERSON	1	35103036991/50000000000	0.70206073982	1232223205991514334081/2500000000000000000000	0.4928892823966057336324
13	25-34	RENTER	55-64	RENTER	OTHER_PAIRWISE	M2_CONCEPT_BALANCED_I_SPLIT	K_FIN_MEAN_TRANSFORMED	1	139956471241/200000000000	0.699782356205	19587813842232860080081/40000000000000000000000	0.489695346055821502002025
13	25-34	RENTER	55-64	RENTER	OTHER_PAIRWISE	M2_CONCEPT_BALANCED_I_SPLIT	D_PIRTOTAL_MEAN_STATE_TRANSFORMED	1	-70018074649/500000000000	-0.140036149298	4902530777552936473201/250000000000000000000000	0.019610123110211745892804
13	25-34	RENTER	55-64	RENTER	OTHER_PAIRWISE	M2_CONCEPT_BALANCED_I_SPLIT	I_FYFT_SHARE	1/2	-23411997108202931/100000000000000000	-0.23411997108202931	548121608594502403634288276990761/20000000000000000000000000000000000	0.02740608042972512018171441384953805
13	25-34	RENTER	55-64	RENTER	OTHER_PAIRWISE	M2_CONCEPT_BALANCED_I_SPLIT	I_SEARCH_SECURITY	1/2	33707375450296189/1000000000000000000	0.033707375450296189	1136187159747230210154407827923721/2000000000000000000000000000000000000	0.0005680935798736151050772039139618605
14	35-44	OWNER	35-44	RENTER	OWNER_RENTER_WITHIN_AGE	M1_NATURAL_TRANSFORM_UNIT_IDENTITY	H_ACCESS_SPACE_ROOMS_PER_PERSON	1	-173216455391/500000000000	-0.346432910782	30003940418222292962881/250000000000000000000000	0.120015761672889171851524
14	35-44	OWNER	35-44	RENTER	OWNER_RENTER_WITHIN_AGE	M1_NATURAL_TRANSFORM_UNIT_IDENTITY	K_FIN_MEAN_TRANSFORMED	1	-16913488813/15625000000	-1.082463284032	286066103827476148969/244140625000000000000	1.171726761277342306177024
14	35-44	OWNER	35-44	RENTER	OWNER_RENTER_WITHIN_AGE	M1_NATURAL_TRANSFORM_UNIT_IDENTITY	D_PIRTOTAL_MEAN_STATE_TRANSFORMED	1	124567521921/1000000000000	0.124567521921	15517067517538815530241/1000000000000000000000000	0.015517067517538815530241
14	35-44	OWNER	35-44	RENTER	OWNER_RENTER_WITHIN_AGE	M1_NATURAL_TRANSFORM_UNIT_IDENTITY	I_FYFT_SHARE	1	-13093143920791849/100000000000000000	-0.13093143920791849	171430417730568552240443184838801/10000000000000000000000000000000000	0.0171430417730568552240443184838801
14	35-44	OWNER	35-44	RENTER	OWNER_RENTER_WITHIN_AGE	M1_NATURAL_TRANSFORM_UNIT_IDENTITY	I_SEARCH_SECURITY	1	-5329027906471391/125000000000000000	-0.042632223251771128	28398538427950856423496701474881/15625000000000000000000000000000000	0.001817506459388854811103788894392384
14	35-44	OWNER	35-44	RENTER	OWNER_RENTER_WITHIN_AGE	M2_CONCEPT_BALANCED_I_SPLIT	H_ACCESS_SPACE_ROOMS_PER_PERSON	1	-173216455391/500000000000	-0.346432910782	30003940418222292962881/250000000000000000000000	0.120015761672889171851524
14	35-44	OWNER	35-44	RENTER	OWNER_RENTER_WITHIN_AGE	M2_CONCEPT_BALANCED_I_SPLIT	K_FIN_MEAN_TRANSFORMED	1	-16913488813/15625000000	-1.082463284032	286066103827476148969/244140625000000000000	1.171726761277342306177024
14	35-44	OWNER	35-44	RENTER	OWNER_RENTER_WITHIN_AGE	M2_CONCEPT_BALANCED_I_SPLIT	D_PIRTOTAL_MEAN_STATE_TRANSFORMED	1	124567521921/1000000000000	0.124567521921	15517067517538815530241/1000000000000000000000000	0.015517067517538815530241
14	35-44	OWNER	35-44	RENTER	OWNER_RENTER_WITHIN_AGE	M2_CONCEPT_BALANCED_I_SPLIT	I_FYFT_SHARE	1/2	-13093143920791849/100000000000000000	-0.13093143920791849	171430417730568552240443184838801/20000000000000000000000000000000000	0.00857152088652842761202215924194005
14	35-44	OWNER	35-44	RENTER	OWNER_RENTER_WITHIN_AGE	M2_CONCEPT_BALANCED_I_SPLIT	I_SEARCH_SECURITY	1/2	-5329027906471391/125000000000000000	-0.042632223251771128	28398538427950856423496701474881/31250000000000000000000000000000000	0.000908753229694427405551894447196192
15	35-44	OWNER	45-54	OWNER	ADJACENT_AGE_WITHIN_TENURE	M1_NATURAL_TRANSFORM_UNIT_IDENTITY	H_ACCESS_SPACE_ROOMS_PER_PERSON	1	436521543101/1000000000000	0.436521543101	190551057591278200696201/1000000000000000000000000	0.190551057591278200696201
15	35-44	OWNER	45-54	OWNER	ADJACENT_AGE_WITHIN_TENURE	M1_NATURAL_TRANSFORM_UNIT_IDENTITY	K_FIN_MEAN_TRANSFORMED	1	275030995493/500000000000	0.550061990986	75642048481870586313049/250000000000000000000000	0.302568193927482345252196
15	35-44	OWNER	45-54	OWNER	ADJACENT_AGE_WITHIN_TENURE	M1_NATURAL_TRANSFORM_UNIT_IDENTITY	D_PIRTOTAL_MEAN_STATE_TRANSFORMED	1	-33977748709/1000000000000	-0.033977748709	1154487407331951166681/1000000000000000000000000	0.001154487407331951166681
15	35-44	OWNER	45-54	OWNER	ADJACENT_AGE_WITHIN_TENURE	M1_NATURAL_TRANSFORM_UNIT_IDENTITY	I_FYFT_SHARE	1	-2683535043346463/100000000000000000	-0.02683535043346463	7201360328868503052325854610369/10000000000000000000000000000000000	0.0007201360328868503052325854610369
15	35-44	OWNER	45-54	OWNER	ADJACENT_AGE_WITHIN_TENURE	M1_NATURAL_TRANSFORM_UNIT_IDENTITY	I_SEARCH_SECURITY	1	-1077637341117047/500000000000000000	-0.002155274682234094	1161302238969818716717754000209/250000000000000000000000000000000000	0.000004645208955879274866871016000836
15	35-44	OWNER	45-54	OWNER	ADJACENT_AGE_WITHIN_TENURE	M2_CONCEPT_BALANCED_I_SPLIT	H_ACCESS_SPACE_ROOMS_PER_PERSON	1	436521543101/1000000000000	0.436521543101	190551057591278200696201/1000000000000000000000000	0.190551057591278200696201
15	35-44	OWNER	45-54	OWNER	ADJACENT_AGE_WITHIN_TENURE	M2_CONCEPT_BALANCED_I_SPLIT	K_FIN_MEAN_TRANSFORMED	1	275030995493/500000000000	0.550061990986	75642048481870586313049/250000000000000000000000	0.302568193927482345252196
15	35-44	OWNER	45-54	OWNER	ADJACENT_AGE_WITHIN_TENURE	M2_CONCEPT_BALANCED_I_SPLIT	D_PIRTOTAL_MEAN_STATE_TRANSFORMED	1	-33977748709/1000000000000	-0.033977748709	1154487407331951166681/1000000000000000000000000	0.001154487407331951166681
15	35-44	OWNER	45-54	OWNER	ADJACENT_AGE_WITHIN_TENURE	M2_CONCEPT_BALANCED_I_SPLIT	I_FYFT_SHARE	1/2	-2683535043346463/100000000000000000	-0.02683535043346463	7201360328868503052325854610369/20000000000000000000000000000000000	0.00036006801644342515261629273051845
15	35-44	OWNER	45-54	OWNER	ADJACENT_AGE_WITHIN_TENURE	M2_CONCEPT_BALANCED_I_SPLIT	I_SEARCH_SECURITY	1/2	-1077637341117047/500000000000000000	-0.002155274682234094	1161302238969818716717754000209/500000000000000000000000000000000000	0.000002322604477939637433435508000418
16	35-44	OWNER	45-54	RENTER	OTHER_PAIRWISE	M1_NATURAL_TRANSFORM_UNIT_IDENTITY	H_ACCESS_SPACE_ROOMS_PER_PERSON	1	-33943232483/1000000000000	-0.033943232483	1152143031394986345289/1000000000000000000000000	0.001152143031394986345289
16	35-44	OWNER	45-54	RENTER	OTHER_PAIRWISE	M1_NATURAL_TRANSFORM_UNIT_IDENTITY	K_FIN_MEAN_TRANSFORMED	1	-1276303851363/1000000000000	-1.276303851363	1628951521004026796957769/1000000000000000000000000	1.628951521004026796957769
16	35-44	OWNER	45-54	RENTER	OTHER_PAIRWISE	M1_NATURAL_TRANSFORM_UNIT_IDENTITY	D_PIRTOTAL_MEAN_STATE_TRANSFORMED	1	13767901579/100000000000	0.13767901579	189555113889030693241/10000000000000000000000	0.0189555113889030693241
16	35-44	OWNER	45-54	RENTER	OTHER_PAIRWISE	M1_NATURAL_TRANSFORM_UNIT_IDENTITY	I_FYFT_SHARE	1	-17209295026772619/100000000000000000	-0.17209295026772619	296159835318500797303983128119161/10000000000000000000000000000000000	0.0296159835318500797303983128119161
16	35-44	OWNER	45-54	RENTER	OTHER_PAIRWISE	M1_NATURAL_TRANSFORM_UNIT_IDENTITY	I_SEARCH_SECURITY	1	-6868698405240331/200000000000000000	-0.034343492026201655	47179017782151066337801868989561/40000000000000000000000000000000000	0.001179475444553776658445046724739025
16	35-44	OWNER	45-54	RENTER	OTHER_PAIRWISE	M2_CONCEPT_BALANCED_I_SPLIT	H_ACCESS_SPACE_ROOMS_PER_PERSON	1	-33943232483/1000000000000	-0.033943232483	1152143031394986345289/1000000000000000000000000	0.001152143031394986345289
16	35-44	OWNER	45-54	RENTER	OTHER_PAIRWISE	M2_CONCEPT_BALANCED_I_SPLIT	K_FIN_MEAN_TRANSFORMED	1	-1276303851363/1000000000000	-1.276303851363	1628951521004026796957769/1000000000000000000000000	1.628951521004026796957769
16	35-44	OWNER	45-54	RENTER	OTHER_PAIRWISE	M2_CONCEPT_BALANCED_I_SPLIT	D_PIRTOTAL_MEAN_STATE_TRANSFORMED	1	13767901579/100000000000	0.13767901579	189555113889030693241/10000000000000000000000	0.0189555113889030693241
16	35-44	OWNER	45-54	RENTER	OTHER_PAIRWISE	M2_CONCEPT_BALANCED_I_SPLIT	I_FYFT_SHARE	1/2	-17209295026772619/100000000000000000	-0.17209295026772619	296159835318500797303983128119161/20000000000000000000000000000000000	0.01480799176592503986519915640595805
16	35-44	OWNER	45-54	RENTER	OTHER_PAIRWISE	M2_CONCEPT_BALANCED_I_SPLIT	I_SEARCH_SECURITY	1/2	-6868698405240331/200000000000000000	-0.034343492026201655	47179017782151066337801868989561/80000000000000000000000000000000000	0.0005897377222768883292225233623695125
17	35-44	OWNER	55-64	OWNER	OTHER_PAIRWISE	M1_NATURAL_TRANSFORM_UNIT_IDENTITY	H_ACCESS_SPACE_ROOMS_PER_PERSON	1	238241049691/200000000000	1.191205248455	56758797757869531195481/40000000000000000000000	1.418969943946738279887025
17	35-44	OWNER	55-64	OWNER	OTHER_PAIRWISE	M1_NATURAL_TRANSFORM_UNIT_IDENTITY	K_FIN_MEAN_TRANSFORMED	1	978337842007/1000000000000	0.978337842007	957144933102913693788049/1000000000000000000000000	0.957144933102913693788049
17	35-44	OWNER	55-64	OWNER	OTHER_PAIRWISE	M1_NATURAL_TRANSFORM_UNIT_IDENTITY	D_PIRTOTAL_MEAN_STATE_TRANSFORMED	1	-110762047243/1000000000000	-0.110762047243	12268231109460563901049/1000000000000000000000000	0.012268231109460563901049
17	35-44	OWNER	55-64	OWNER	OTHER_PAIRWISE	M1_NATURAL_TRANSFORM_UNIT_IDENTITY	I_FYFT_SHARE	1	-4667102806677667/25000000000000000	-0.18668411226710668	21781848608098556750926436562889/625000000000000000000000000000000	0.0348509577729576908014822985006224
17	35-44	OWNER	55-64	OWNER	OTHER_PAIRWISE	M1_NATURAL_TRANSFORM_UNIT_IDENTITY	I_SEARCH_SECURITY	1	-23967544530503/100000000000000000	-0.00023967544530503	574443190821644270697433009/10000000000000000000000000000000000	0.0000000574443190821644270697433009
17	35-44	OWNER	55-64	OWNER	OTHER_PAIRWISE	M2_CONCEPT_BALANCED_I_SPLIT	H_ACCESS_SPACE_ROOMS_PER_PERSON	1	238241049691/200000000000	1.191205248455	56758797757869531195481/40000000000000000000000	1.418969943946738279887025
17	35-44	OWNER	55-64	OWNER	OTHER_PAIRWISE	M2_CONCEPT_BALANCED_I_SPLIT	K_FIN_MEAN_TRANSFORMED	1	978337842007/1000000000000	0.978337842007	957144933102913693788049/1000000000000000000000000	0.957144933102913693788049
17	35-44	OWNER	55-64	OWNER	OTHER_PAIRWISE	M2_CONCEPT_BALANCED_I_SPLIT	D_PIRTOTAL_MEAN_STATE_TRANSFORMED	1	-110762047243/1000000000000	-0.110762047243	12268231109460563901049/1000000000000000000000000	0.012268231109460563901049
17	35-44	OWNER	55-64	OWNER	OTHER_PAIRWISE	M2_CONCEPT_BALANCED_I_SPLIT	I_FYFT_SHARE	1/2	-4667102806677667/25000000000000000	-0.18668411226710668	21781848608098556750926436562889/1250000000000000000000000000000000	0.0174254788864788454007411492503112
17	35-44	OWNER	55-64	OWNER	OTHER_PAIRWISE	M2_CONCEPT_BALANCED_I_SPLIT	I_SEARCH_SECURITY	1/2	-23967544530503/100000000000000000	-0.00023967544530503	574443190821644270697433009/20000000000000000000000000000000000	0.00000002872215954108221353487165045
18	35-44	OWNER	55-64	RENTER	OTHER_PAIRWISE	M1_NATURAL_TRANSFORM_UNIT_IDENTITY	H_ACCESS_SPACE_ROOMS_PER_PERSON	1	104758200903/250000000000	0.419032803612	10974280656433310015409/62500000000000000000000	0.175588490502932960246544
18	35-44	OWNER	55-64	RENTER	OTHER_PAIRWISE	M1_NATURAL_TRANSFORM_UNIT_IDENTITY	K_FIN_MEAN_TRANSFORMED	1	-56277989551/100000000000	-0.56277989551	3167212107902465181601/10000000000000000000000	0.3167212107902465181601
18	35-44	OWNER	55-64	RENTER	OTHER_PAIRWISE	M1_NATURAL_TRANSFORM_UNIT_IDENTITY	D_PIRTOTAL_MEAN_STATE_TRANSFORMED	1	-949681683/200000000000	-0.004748408415	901895299025712489/40000000000000000000000	0.000022547382475642812225
18	35-44	OWNER	55-64	RENTER	OTHER_PAIRWISE	M1_NATURAL_TRANSFORM_UNIT_IDENTITY	I_FYFT_SHARE	1	-36218088872466969/100000000000000000	-0.36218088872466969	1311749961573915681869155996046961/10000000000000000000000000000000000	0.1311749961573915681869155996046961
18	35-44	OWNER	55-64	RENTER	OTHER_PAIRWISE	M1_NATURAL_TRANSFORM_UNIT_IDENTITY	I_SEARCH_SECURITY	1	-1154678905605791/40000000000000000	-0.028866972640144775	1333283375050987202444692735681/1600000000000000000000000000000000	0.000833302109406867001527932959800625
18	35-44	OWNER	55-64	RENTER	OTHER_PAIRWISE	M2_CONCEPT_BALANCED_I_SPLIT	H_ACCESS_SPACE_ROOMS_PER_PERSON	1	104758200903/250000000000	0.419032803612	10974280656433310015409/62500000000000000000000	0.175588490502932960246544
18	35-44	OWNER	55-64	RENTER	OTHER_PAIRWISE	M2_CONCEPT_BALANCED_I_SPLIT	K_FIN_MEAN_TRANSFORMED	1	-56277989551/100000000000	-0.56277989551	3167212107902465181601/10000000000000000000000	0.3167212107902465181601
18	35-44	OWNER	55-64	RENTER	OTHER_PAIRWISE	M2_CONCEPT_BALANCED_I_SPLIT	D_PIRTOTAL_MEAN_STATE_TRANSFORMED	1	-949681683/200000000000	-0.004748408415	901895299025712489/40000000000000000000000	0.000022547382475642812225
18	35-44	OWNER	55-64	RENTER	OTHER_PAIRWISE	M2_CONCEPT_BALANCED_I_SPLIT	I_FYFT_SHARE	1/2	-36218088872466969/100000000000000000	-0.36218088872466969	1311749961573915681869155996046961/20000000000000000000000000000000000	0.06558749807869578409345779980234805
18	35-44	OWNER	55-64	RENTER	OTHER_PAIRWISE	M2_CONCEPT_BALANCED_I_SPLIT	I_SEARCH_SECURITY	1/2	-1154678905605791/40000000000000000	-0.028866972640144775	1333283375050987202444692735681/3200000000000000000000000000000000	0.0004166510547034335007639664799003125
19	35-44	RENTER	45-54	OWNER	OTHER_PAIRWISE	M1_NATURAL_TRANSFORM_UNIT_IDENTITY	H_ACCESS_SPACE_ROOMS_PER_PERSON	1	782954453883/1000000000000	0.782954453883	613017676855226773777689/1000000000000000000000000	0.613017676855226773777689
19	35-44	RENTER	45-54	OWNER	OTHER_PAIRWISE	M1_NATURAL_TRANSFORM_UNIT_IDENTITY	K_FIN_MEAN_TRANSFORMED	1	816262637509/500000000000	1.632525275018	666284693393149133725081/250000000000000000000000	2.665138773572596534900324
19	35-44	RENTER	45-54	OWNER	OTHER_PAIRWISE	M1_NATURAL_TRANSFORM_UNIT_IDENTITY	D_PIRTOTAL_MEAN_STATE_TRANSFORMED	1	-15854527063/100000000000	-0.15854527063	251366028391399405969/10000000000000000000000	0.0251366028391399405969
19	35-44	RENTER	45-54	OWNER	OTHER_PAIRWISE	M1_NATURAL_TRANSFORM_UNIT_IDENTITY	I_FYFT_SHARE	1	5204804438722693/50000000000000000	0.10409608877445386	27089989245347447311945353172249/2500000000000000000000000000000000	0.0108359956981389789247781412688996
19	35-44	RENTER	45-54	OWNER	OTHER_PAIRWISE	M1_NATURAL_TRANSFORM_UNIT_IDENTITY	I_SEARCH_SECURITY	1	20238474284768517/500000000000000000	0.040476948569537034	409595841375236535739224274379289/250000000000000000000000000000000000	0.001638383365500946142956897097517156
19	35-44	RENTER	45-54	OWNER	OTHER_PAIRWISE	M2_CONCEPT_BALANCED_I_SPLIT	H_ACCESS_SPACE_ROOMS_PER_PERSON	1	782954453883/1000000000000	0.782954453883	613017676855226773777689/1000000000000000000000000	0.613017676855226773777689
19	35-44	RENTER	45-54	OWNER	OTHER_PAIRWISE	M2_CONCEPT_BALANCED_I_SPLIT	K_FIN_MEAN_TRANSFORMED	1	816262637509/500000000000	1.632525275018	666284693393149133725081/250000000000000000000000	2.665138773572596534900324
19	35-44	RENTER	45-54	OWNER	OTHER_PAIRWISE	M2_CONCEPT_BALANCED_I_SPLIT	D_PIRTOTAL_MEAN_STATE_TRANSFORMED	1	-15854527063/100000000000	-0.15854527063	251366028391399405969/10000000000000000000000	0.0251366028391399405969
19	35-44	RENTER	45-54	OWNER	OTHER_PAIRWISE	M2_CONCEPT_BALANCED_I_SPLIT	I_FYFT_SHARE	1/2	5204804438722693/50000000000000000	0.10409608877445386	27089989245347447311945353172249/5000000000000000000000000000000000	0.0054179978490694894623890706344498
19	35-44	RENTER	45-54	OWNER	OTHER_PAIRWISE	M2_CONCEPT_BALANCED_I_SPLIT	I_SEARCH_SECURITY	1/2	20238474284768517/500000000000000000	0.040476948569537034	409595841375236535739224274379289/500000000000000000000000000000000000	0.000819191682750473071478448548758578
20	35-44	RENTER	45-54	RENTER	ADJACENT_AGE_WITHIN_TENURE	M1_NATURAL_TRANSFORM_UNIT_IDENTITY	H_ACCESS_SPACE_ROOMS_PER_PERSON	1	312489678299/1000000000000	0.312489678299	97649799043412511533401/1000000000000000000000000	0.097649799043412511533401
20	35-44	RENTER	45-54	RENTER	ADJACENT_AGE_WITHIN_TENURE	M1_NATURAL_TRANSFORM_UNIT_IDENTITY	K_FIN_MEAN_TRANSFORMED	1	-193840567331/1000000000000	-0.193840567331	37574165543203944463561/1000000000000000000000000	0.037574165543203944463561
20	35-44	RENTER	45-54	RENTER	ADJACENT_AGE_WITHIN_TENURE	M1_NATURAL_TRANSFORM_UNIT_IDENTITY	D_PIRTOTAL_MEAN_STATE_TRANSFORMED	1	13111493869/1000000000000	0.013111493869	171911271476824589161/1000000000000000000000000	0.000171911271476824589161
20	35-44	RENTER	45-54	RENTER	ADJACENT_AGE_WITHIN_TENURE	M1_NATURAL_TRANSFORM_UNIT_IDENTITY	I_FYFT_SHARE	1	-411615110598077/10000000000000000	-0.0411615110598077	169426999272667160644636097929/100000000000000000000000000000000	0.00169426999272667160644636097929
20	35-44	RENTER	45-54	RENTER	ADJACENT_AGE_WITHIN_TENURE	M1_NATURAL_TRANSFORM_UNIT_IDENTITY	I_SEARCH_SECURITY	1	8288731225569473/1000000000000000000	0.008288731225569473	68703065329730417899113149497729/1000000000000000000000000000000000000	0.000068703065329730417899113149497729
20	35-44	RENTER	45-54	RENTER	ADJACENT_AGE_WITHIN_TENURE	M2_CONCEPT_BALANCED_I_SPLIT	H_ACCESS_SPACE_ROOMS_PER_PERSON	1	312489678299/1000000000000	0.312489678299	97649799043412511533401/1000000000000000000000000	0.097649799043412511533401
20	35-44	RENTER	45-54	RENTER	ADJACENT_AGE_WITHIN_TENURE	M2_CONCEPT_BALANCED_I_SPLIT	K_FIN_MEAN_TRANSFORMED	1	-193840567331/1000000000000	-0.193840567331	37574165543203944463561/1000000000000000000000000	0.037574165543203944463561
20	35-44	RENTER	45-54	RENTER	ADJACENT_AGE_WITHIN_TENURE	M2_CONCEPT_BALANCED_I_SPLIT	D_PIRTOTAL_MEAN_STATE_TRANSFORMED	1	13111493869/1000000000000	0.013111493869	171911271476824589161/1000000000000000000000000	0.000171911271476824589161
20	35-44	RENTER	45-54	RENTER	ADJACENT_AGE_WITHIN_TENURE	M2_CONCEPT_BALANCED_I_SPLIT	I_FYFT_SHARE	1/2	-411615110598077/10000000000000000	-0.0411615110598077	169426999272667160644636097929/200000000000000000000000000000000	0.000847134996363335803223180489645
20	35-44	RENTER	45-54	RENTER	ADJACENT_AGE_WITHIN_TENURE	M2_CONCEPT_BALANCED_I_SPLIT	I_SEARCH_SECURITY	1/2	8288731225569473/1000000000000000000	0.008288731225569473	68703065329730417899113149497729/2000000000000000000000000000000000000	0.0000343515326648652089495565747488645
21	35-44	RENTER	55-64	OWNER	OTHER_PAIRWISE	M1_NATURAL_TRANSFORM_UNIT_IDENTITY	H_ACCESS_SPACE_ROOMS_PER_PERSON	1	1537638159237/1000000000000	1.537638159237	2364331108741749768422169/1000000000000000000000000	2.364331108741749768422169
21	35-44	RENTER	55-64	OWNER	OTHER_PAIRWISE	M1_NATURAL_TRANSFORM_UNIT_IDENTITY	K_FIN_MEAN_TRANSFORMED	1	2060801126039/1000000000000	2.060801126039	4246901281083610363829521/1000000000000000000000000	4.246901281083610363829521
21	35-44	RENTER	55-64	OWNER	OTHER_PAIRWISE	M1_NATURAL_TRANSFORM_UNIT_IDENTITY	D_PIRTOTAL_MEAN_STATE_TRANSFORMED	1	-58832392291/250000000000	-0.235329569164	3461250382682116228681/62500000000000000000000	0.055380006122913859658896
21	35-44	RENTER	55-64	OWNER	OTHER_PAIRWISE	M1_NATURAL_TRANSFORM_UNIT_IDENTITY	I_FYFT_SHARE	1	-5575267305918819/100000000000000000	-0.05575267305918819	31083605532447286085669818354761/10000000000000000000000000000000000	0.0031083605532447286085669818354761
21	35-44	RENTER	55-64	OWNER	OTHER_PAIRWISE	M1_NATURAL_TRANSFORM_UNIT_IDENTITY	I_SEARCH_SECURITY	1	21196273903233049/500000000000000000	0.042392547806466098	449282027380878394282694805836401/250000000000000000000000000000000000	0.001797128109523513577130779223345604
21	35-44	RENTER	55-64	OWNER	OTHER_PAIRWISE	M2_CONCEPT_BALANCED_I_SPLIT	H_ACCESS_SPACE_ROOMS_PER_PERSON	1	1537638159237/1000000000000	1.537638159237	2364331108741749768422169/1000000000000000000000000	2.364331108741749768422169
21	35-44	RENTER	55-64	OWNER	OTHER_PAIRWISE	M2_CONCEPT_BALANCED_I_SPLIT	K_FIN_MEAN_TRANSFORMED	1	2060801126039/1000000000000	2.060801126039	4246901281083610363829521/1000000000000000000000000	4.246901281083610363829521
21	35-44	RENTER	55-64	OWNER	OTHER_PAIRWISE	M2_CONCEPT_BALANCED_I_SPLIT	D_PIRTOTAL_MEAN_STATE_TRANSFORMED	1	-58832392291/250000000000	-0.235329569164	3461250382682116228681/62500000000000000000000	0.055380006122913859658896
21	35-44	RENTER	55-64	OWNER	OTHER_PAIRWISE	M2_CONCEPT_BALANCED_I_SPLIT	I_FYFT_SHARE	1/2	-5575267305918819/100000000000000000	-0.05575267305918819	31083605532447286085669818354761/20000000000000000000000000000000000	0.00155418027662236430428349091773805
21	35-44	RENTER	55-64	OWNER	OTHER_PAIRWISE	M2_CONCEPT_BALANCED_I_SPLIT	I_SEARCH_SECURITY	1/2	21196273903233049/500000000000000000	0.042392547806466098	449282027380878394282694805836401/500000000000000000000000000000000000	0.000898564054761756788565389611672802
22	35-44	RENTER	55-64	RENTER	OTHER_PAIRWISE	M1_NATURAL_TRANSFORM_UNIT_IDENTITY	H_ACCESS_SPACE_ROOMS_PER_PERSON	1	382732857197/500000000000	0.765465714394	146484439978179194696809/250000000000000000000000	0.585937759912716778787236
22	35-44	RENTER	55-64	RENTER	OTHER_PAIRWISE	M1_NATURAL_TRANSFORM_UNIT_IDENTITY	K_FIN_MEAN_TRANSFORMED	1	259841694261/500000000000	0.519683388522	67517706076427000336121/250000000000000000000000	0.270070824305708001344484
22	35-44	RENTER	55-64	RENTER	OTHER_PAIRWISE	M1_NATURAL_TRANSFORM_UNIT_IDENTITY	D_PIRTOTAL_MEAN_STATE_TRANSFORMED	1	-4041122823/31250000000	-0.129315930336	16330673670571489329/976562500000000000000	0.016722609838665205072896
22	35-44	RENTER	55-64	RENTER	OTHER_PAIRWISE	M1_NATURAL_TRANSFORM_UNIT_IDENTITY	I_FYFT_SHARE	1	-289061811895939/1250000000000000	-0.2312494495167512	83556731096563221573764691721/1562500000000000000000000000000	0.05347630790180046180720940270144
22	35-44	RENTER	55-64	RENTER	OTHER_PAIRWISE	M1_NATURAL_TRANSFORM_UNIT_IDENTITY	I_SEARCH_SECURITY	1	13765250611626353/1000000000000000000	0.013765250611626353	189482124400879685353295684080609/1000000000000000000000000000000000000	0.000189482124400879685353295684080609
22	35-44	RENTER	55-64	RENTER	OTHER_PAIRWISE	M2_CONCEPT_BALANCED_I_SPLIT	H_ACCESS_SPACE_ROOMS_PER_PERSON	1	382732857197/500000000000	0.765465714394	146484439978179194696809/250000000000000000000000	0.585937759912716778787236
22	35-44	RENTER	55-64	RENTER	OTHER_PAIRWISE	M2_CONCEPT_BALANCED_I_SPLIT	K_FIN_MEAN_TRANSFORMED	1	259841694261/500000000000	0.519683388522	67517706076427000336121/250000000000000000000000	0.270070824305708001344484
22	35-44	RENTER	55-64	RENTER	OTHER_PAIRWISE	M2_CONCEPT_BALANCED_I_SPLIT	D_PIRTOTAL_MEAN_STATE_TRANSFORMED	1	-4041122823/31250000000	-0.129315930336	16330673670571489329/976562500000000000000	0.016722609838665205072896
22	35-44	RENTER	55-64	RENTER	OTHER_PAIRWISE	M2_CONCEPT_BALANCED_I_SPLIT	I_FYFT_SHARE	1/2	-289061811895939/1250000000000000	-0.2312494495167512	83556731096563221573764691721/3125000000000000000000000000000	0.02673815395090023090360470135072
22	35-44	RENTER	55-64	RENTER	OTHER_PAIRWISE	M2_CONCEPT_BALANCED_I_SPLIT	I_SEARCH_SECURITY	1/2	13765250611626353/1000000000000000000	0.013765250611626353	189482124400879685353295684080609/2000000000000000000000000000000000000	0.0000947410622004398426766478420403045
23	45-54	OWNER	45-54	RENTER	OWNER_RENTER_WITHIN_AGE	M1_NATURAL_TRANSFORM_UNIT_IDENTITY	H_ACCESS_SPACE_ROOMS_PER_PERSON	1	-14702024237/31250000000	-0.470464775584	216149516665335432169/976562500000000000000	0.221337105065303482541056
23	45-54	OWNER	45-54	RENTER	OWNER_RENTER_WITHIN_AGE	M1_NATURAL_TRANSFORM_UNIT_IDENTITY	K_FIN_MEAN_TRANSFORMED	1	-1826365842349/1000000000000	-1.826365842349	3335612190099172321837801/1000000000000000000000000	3.335612190099172321837801
23	45-54	OWNER	45-54	RENTER	OWNER_RENTER_WITHIN_AGE	M1_NATURAL_TRANSFORM_UNIT_IDENTITY	D_PIRTOTAL_MEAN_STATE_TRANSFORMED	1	171656764499/1000000000000	0.171656764499	29466044798265146721001/1000000000000000000000000	0.029466044798265146721001
23	45-54	OWNER	45-54	RENTER	OWNER_RENTER_WITHIN_AGE	M1_NATURAL_TRANSFORM_UNIT_IDENTITY	I_FYFT_SHARE	1	-3631439995856539/25000000000000000	-0.14525759983426156	13187356443506539989488269058521/625000000000000000000000000000000	0.0210997703096104639831812304936336
23	45-54	OWNER	45-54	RENTER	OWNER_RENTER_WITHIN_AGE	M1_NATURAL_TRANSFORM_UNIT_IDENTITY	I_SEARCH_SECURITY	1	-32188217343967561/1000000000000000000	-0.032188217343967561	1036081335782494107171157020288721/1000000000000000000000000000000000000	0.001036081335782494107171157020288721
23	45-54	OWNER	45-54	RENTER	OWNER_RENTER_WITHIN_AGE	M2_CONCEPT_BALANCED_I_SPLIT	H_ACCESS_SPACE_ROOMS_PER_PERSON	1	-14702024237/31250000000	-0.470464775584	216149516665335432169/976562500000000000000	0.221337105065303482541056
23	45-54	OWNER	45-54	RENTER	OWNER_RENTER_WITHIN_AGE	M2_CONCEPT_BALANCED_I_SPLIT	K_FIN_MEAN_TRANSFORMED	1	-1826365842349/1000000000000	-1.826365842349	3335612190099172321837801/1000000000000000000000000	3.335612190099172321837801
23	45-54	OWNER	45-54	RENTER	OWNER_RENTER_WITHIN_AGE	M2_CONCEPT_BALANCED_I_SPLIT	D_PIRTOTAL_MEAN_STATE_TRANSFORMED	1	171656764499/1000000000000	0.171656764499	29466044798265146721001/1000000000000000000000000	0.029466044798265146721001
23	45-54	OWNER	45-54	RENTER	OWNER_RENTER_WITHIN_AGE	M2_CONCEPT_BALANCED_I_SPLIT	I_FYFT_SHARE	1/2	-3631439995856539/25000000000000000	-0.14525759983426156	13187356443506539989488269058521/1250000000000000000000000000000000	0.0105498851548052319915906152468168
23	45-54	OWNER	45-54	RENTER	OWNER_RENTER_WITHIN_AGE	M2_CONCEPT_BALANCED_I_SPLIT	I_SEARCH_SECURITY	1/2	-32188217343967561/1000000000000000000	-0.032188217343967561	1036081335782494107171157020288721/2000000000000000000000000000000000000	0.0005180406678912470535855785101443605
24	45-54	OWNER	55-64	OWNER	ADJACENT_AGE_WITHIN_TENURE	M1_NATURAL_TRANSFORM_UNIT_IDENTITY	H_ACCESS_SPACE_ROOMS_PER_PERSON	1	377341852677/500000000000	0.754683705354	142386873781710772066329/250000000000000000000000	0.569547495126843088265316
24	45-54	OWNER	55-64	OWNER	ADJACENT_AGE_WITHIN_TENURE	M1_NATURAL_TRANSFORM_UNIT_IDENTITY	K_FIN_MEAN_TRANSFORMED	1	428275851021/1000000000000	0.428275851021	183420204567761786742441/1000000000000000000000000	0.183420204567761786742441
24	45-54	OWNER	55-64	OWNER	ADJACENT_AGE_WITHIN_TENURE	M1_NATURAL_TRANSFORM_UNIT_IDENTITY	D_PIRTOTAL_MEAN_STATE_TRANSFORMED	1	-38392149267/500000000000	-0.076784298534	1473957125339608637289/250000000000000000000000	0.005895828501358434549156
24	45-54	OWNER	55-64	OWNER	ADJACENT_AGE_WITHIN_TENURE	M1_NATURAL_TRANSFORM_UNIT_IDENTITY	I_FYFT_SHARE	1	-3196975236672841/20000000000000000	-0.15984876183364205	10220650663899367725983667011281/400000000000000000000000000000000	0.0255516266597484193149591675282025
24	45-54	OWNER	55-64	OWNER	ADJACENT_AGE_WITHIN_TENURE	M1_NATURAL_TRANSFORM_UNIT_IDENTITY	I_SEARCH_SECURITY	1	239449904616133/125000000000000000	0.001915599236929064	57336256820675191782083873689/15625000000000000000000000000000000	0.000003669520436523212274053367916096
24	45-54	OWNER	55-64	OWNER	ADJACENT_AGE_WITHIN_TENURE	M2_CONCEPT_BALANCED_I_SPLIT	H_ACCESS_SPACE_ROOMS_PER_PERSON	1	377341852677/500000000000	0.754683705354	142386873781710772066329/250000000000000000000000	0.569547495126843088265316
24	45-54	OWNER	55-64	OWNER	ADJACENT_AGE_WITHIN_TENURE	M2_CONCEPT_BALANCED_I_SPLIT	K_FIN_MEAN_TRANSFORMED	1	428275851021/1000000000000	0.428275851021	183420204567761786742441/1000000000000000000000000	0.183420204567761786742441
24	45-54	OWNER	55-64	OWNER	ADJACENT_AGE_WITHIN_TENURE	M2_CONCEPT_BALANCED_I_SPLIT	D_PIRTOTAL_MEAN_STATE_TRANSFORMED	1	-38392149267/500000000000	-0.076784298534	1473957125339608637289/250000000000000000000000	0.005895828501358434549156
24	45-54	OWNER	55-64	OWNER	ADJACENT_AGE_WITHIN_TENURE	M2_CONCEPT_BALANCED_I_SPLIT	I_FYFT_SHARE	1/2	-3196975236672841/20000000000000000	-0.15984876183364205	10220650663899367725983667011281/800000000000000000000000000000000	0.01277581332987420965747958376410125
24	45-54	OWNER	55-64	OWNER	ADJACENT_AGE_WITHIN_TENURE	M2_CONCEPT_BALANCED_I_SPLIT	I_SEARCH_SECURITY	1/2	239449904616133/125000000000000000	0.001915599236929064	57336256820675191782083873689/31250000000000000000000000000000000	0.000001834760218261606137026683958048
25	45-54	OWNER	55-64	RENTER	OTHER_PAIRWISE	M1_NATURAL_TRANSFORM_UNIT_IDENTITY	H_ACCESS_SPACE_ROOMS_PER_PERSON	1	-17488739489/1000000000000	-0.017488739489	305856008914107981121/1000000000000000000000000	0.000305856008914107981121
25	45-54	OWNER	55-64	RENTER	OTHER_PAIRWISE	M1_NATURAL_TRANSFORM_UNIT_IDENTITY	K_FIN_MEAN_TRANSFORMED	1	-34776308953/31250000000	-1.112841886496	1209391664394507956209/976562500000000000000	1.238417064339976147158016
25	45-54	OWNER	55-64	RENTER	OTHER_PAIRWISE	M1_NATURAL_TRANSFORM_UNIT_IDENTITY	D_PIRTOTAL_MEAN_STATE_TRANSFORMED	1	14614670147/500000000000	0.029229340294	213588583505613001609/250000000000000000000000	0.000854354334022452006436
25	45-54	OWNER	55-64	RENTER	OTHER_PAIRWISE	M1_NATURAL_TRANSFORM_UNIT_IDENTITY	I_FYFT_SHARE	1	-16767276914560253/50000000000000000	-0.33534553829120506	281141575129545197782112367424009/2500000000000000000000000000000000	0.1124566300518180791128449469696036
25	45-54	OWNER	55-64	RENTER	OTHER_PAIRWISE	M1_NATURAL_TRANSFORM_UNIT_IDENTITY	I_SEARCH_SECURITY	1	-26711697957910681/1000000000000000000	-0.026711697957910681	713514807794649645464186773883761/1000000000000000000000000000000000000	0.000713514807794649645464186773883761
25	45-54	OWNER	55-64	RENTER	OTHER_PAIRWISE	M2_CONCEPT_BALANCED_I_SPLIT	H_ACCESS_SPACE_ROOMS_PER_PERSON	1	-17488739489/1000000000000	-0.017488739489	305856008914107981121/1000000000000000000000000	0.000305856008914107981121
25	45-54	OWNER	55-64	RENTER	OTHER_PAIRWISE	M2_CONCEPT_BALANCED_I_SPLIT	K_FIN_MEAN_TRANSFORMED	1	-34776308953/31250000000	-1.112841886496	1209391664394507956209/976562500000000000000	1.238417064339976147158016
25	45-54	OWNER	55-64	RENTER	OTHER_PAIRWISE	M2_CONCEPT_BALANCED_I_SPLIT	D_PIRTOTAL_MEAN_STATE_TRANSFORMED	1	14614670147/500000000000	0.029229340294	213588583505613001609/250000000000000000000000	0.000854354334022452006436
25	45-54	OWNER	55-64	RENTER	OTHER_PAIRWISE	M2_CONCEPT_BALANCED_I_SPLIT	I_FYFT_SHARE	1/2	-16767276914560253/50000000000000000	-0.33534553829120506	281141575129545197782112367424009/5000000000000000000000000000000000	0.0562283150259090395564224734848018
25	45-54	OWNER	55-64	RENTER	OTHER_PAIRWISE	M2_CONCEPT_BALANCED_I_SPLIT	I_SEARCH_SECURITY	1/2	-26711697957910681/1000000000000000000	-0.026711697957910681	713514807794649645464186773883761/2000000000000000000000000000000000000	0.0003567574038973248227320933869418805
26	45-54	RENTER	55-64	OWNER	OTHER_PAIRWISE	M1_NATURAL_TRANSFORM_UNIT_IDENTITY	H_ACCESS_SPACE_ROOMS_PER_PERSON	1	612574240469/500000000000	1.225148480938	375247200086172237339961/250000000000000000000000	1.500988800344688949359844
26	45-54	RENTER	55-64	OWNER	OTHER_PAIRWISE	M1_NATURAL_TRANSFORM_UNIT_IDENTITY	K_FIN_MEAN_TRANSFORMED	1	225464169337/100000000000	2.25464169337	50834091654823411019569/10000000000000000000000	5.0834091654823411019569
26	45-54	RENTER	55-64	OWNER	OTHER_PAIRWISE	M1_NATURAL_TRANSFORM_UNIT_IDENTITY	D_PIRTOTAL_MEAN_STATE_TRANSFORMED	1	-248441063033/1000000000000	-0.248441063033	61722961800967079159089/1000000000000000000000000	0.061722961800967079159089
26	45-54	RENTER	55-64	OWNER	OTHER_PAIRWISE	M1_NATURAL_TRANSFORM_UNIT_IDENTITY	I_FYFT_SHARE	1	-1459116199938049/100000000000000000	-0.01459116199938049	2129020084921652584591437926401/10000000000000000000000000000000000	0.0002129020084921652584591437926401
26	45-54	RENTER	55-64	OWNER	OTHER_PAIRWISE	M1_NATURAL_TRANSFORM_UNIT_IDENTITY	I_SEARCH_SECURITY	1	272830532647173/8000000000000000	0.034103816580896625	74436499544540132190904891929/64000000000000000000000000000000	0.001163070305383439565482888936390625
26	45-54	RENTER	55-64	OWNER	OTHER_PAIRWISE	M2_CONCEPT_BALANCED_I_SPLIT	H_ACCESS_SPACE_ROOMS_PER_PERSON	1	612574240469/500000000000	1.225148480938	375247200086172237339961/250000000000000000000000	1.500988800344688949359844
26	45-54	RENTER	55-64	OWNER	OTHER_PAIRWISE	M2_CONCEPT_BALANCED_I_SPLIT	K_FIN_MEAN_TRANSFORMED	1	225464169337/100000000000	2.25464169337	50834091654823411019569/10000000000000000000000	5.0834091654823411019569
26	45-54	RENTER	55-64	OWNER	OTHER_PAIRWISE	M2_CONCEPT_BALANCED_I_SPLIT	D_PIRTOTAL_MEAN_STATE_TRANSFORMED	1	-248441063033/1000000000000	-0.248441063033	61722961800967079159089/1000000000000000000000000	0.061722961800967079159089
26	45-54	RENTER	55-64	OWNER	OTHER_PAIRWISE	M2_CONCEPT_BALANCED_I_SPLIT	I_FYFT_SHARE	1/2	-1459116199938049/100000000000000000	-0.01459116199938049	2129020084921652584591437926401/20000000000000000000000000000000000	0.00010645100424608262922957189632005
26	45-54	RENTER	55-64	OWNER	OTHER_PAIRWISE	M2_CONCEPT_BALANCED_I_SPLIT	I_SEARCH_SECURITY	1/2	272830532647173/8000000000000000	0.034103816580896625	74436499544540132190904891929/128000000000000000000000000000000	0.0005815351526917197827414444681953125
27	45-54	RENTER	55-64	RENTER	ADJACENT_AGE_WITHIN_TENURE	M1_NATURAL_TRANSFORM_UNIT_IDENTITY	H_ACCESS_SPACE_ROOMS_PER_PERSON	1	90595207219/200000000000	0.452976036095	8207491571053549713961/40000000000000000000000	0.205187289276338742849025
27	45-54	RENTER	55-64	RENTER	ADJACENT_AGE_WITHIN_TENURE	M1_NATURAL_TRANSFORM_UNIT_IDENTITY	K_FIN_MEAN_TRANSFORMED	1	713523955853/1000000000000	0.713523955853	509116435576113892957609/1000000000000000000000000	0.509116435576113892957609
27	45-54	RENTER	55-64	RENTER	ADJACENT_AGE_WITHIN_TENURE	M1_NATURAL_TRANSFORM_UNIT_IDENTITY	D_PIRTOTAL_MEAN_STATE_TRANSFORMED	1	-28485484841/200000000000	-0.142427424205	811422846626840795281/40000000000000000000000	0.020285571165671019882025
27	45-54	RENTER	55-64	RENTER	ADJACENT_AGE_WITHIN_TENURE	M1_NATURAL_TRANSFORM_UNIT_IDENTITY	I_FYFT_SHARE	1	-380175876913887/2000000000000000	-0.1900879384569435	144533697387242958415213448769/4000000000000000000000000000000	0.03613342434681073960380336219225
27	45-54	RENTER	55-64	RENTER	ADJACENT_AGE_WITHIN_TENURE	M1_NATURAL_TRANSFORM_UNIT_IDENTITY	I_SEARCH_SECURITY	1	68456492325711/12500000000000000	0.00547651938605688	4686291341540129037711655521/156250000000000000000000000000000	0.0000299922645858568258413545953344
27	45-54	RENTER	55-64	RENTER	ADJACENT_AGE_WITHIN_TENURE	M2_CONCEPT_BALANCED_I_SPLIT	H_ACCESS_SPACE_ROOMS_PER_PERSON	1	90595207219/200000000000	0.452976036095	8207491571053549713961/40000000000000000000000	0.205187289276338742849025
27	45-54	RENTER	55-64	RENTER	ADJACENT_AGE_WITHIN_TENURE	M2_CONCEPT_BALANCED_I_SPLIT	K_FIN_MEAN_TRANSFORMED	1	713523955853/1000000000000	0.713523955853	509116435576113892957609/1000000000000000000000000	0.509116435576113892957609
27	45-54	RENTER	55-64	RENTER	ADJACENT_AGE_WITHIN_TENURE	M2_CONCEPT_BALANCED_I_SPLIT	D_PIRTOTAL_MEAN_STATE_TRANSFORMED	1	-28485484841/200000000000	-0.142427424205	811422846626840795281/40000000000000000000000	0.020285571165671019882025
27	45-54	RENTER	55-64	RENTER	ADJACENT_AGE_WITHIN_TENURE	M2_CONCEPT_BALANCED_I_SPLIT	I_FYFT_SHARE	1/2	-380175876913887/2000000000000000	-0.1900879384569435	144533697387242958415213448769/8000000000000000000000000000000	0.018066712173405369801901681096125
27	45-54	RENTER	55-64	RENTER	ADJACENT_AGE_WITHIN_TENURE	M2_CONCEPT_BALANCED_I_SPLIT	I_SEARCH_SECURITY	1/2	68456492325711/12500000000000000	0.00547651938605688	4686291341540129037711655521/312500000000000000000000000000000	0.0000149961322929284129206772976672
28	55-64	OWNER	55-64	RENTER	OWNER_RENTER_WITHIN_AGE	M1_NATURAL_TRANSFORM_UNIT_IDENTITY	H_ACCESS_SPACE_ROOMS_PER_PERSON	1	-772172444843/1000000000000	-0.772172444843	596250284574815877294649/1000000000000000000000000	0.596250284574815877294649
28	55-64	OWNER	55-64	RENTER	OWNER_RENTER_WITHIN_AGE	M1_NATURAL_TRANSFORM_UNIT_IDENTITY	K_FIN_MEAN_TRANSFORMED	1	-1541117737517/1000000000000	-1.541117737517	2375043880889516909325289/1000000000000000000000000	2.375043880889516909325289
28	55-64	OWNER	55-64	RENTER	OWNER_RENTER_WITHIN_AGE	M1_NATURAL_TRANSFORM_UNIT_IDENTITY	D_PIRTOTAL_MEAN_STATE_TRANSFORMED	1	26503409707/250000000000	0.106013638828	702430726097101825849/62500000000000000000000	0.011238891617553629213584
28	55-64	OWNER	55-64	RENTER	OWNER_RENTER_WITHIN_AGE	M1_NATURAL_TRANSFORM_UNIT_IDENTITY	I_FYFT_SHARE	1	-17549677645756301/100000000000000000	-0.17549677645756301	307991185469958423530754281202601/10000000000000000000000000000000000	0.0307991185469958423530754281202601
28	55-64	OWNER	55-64	RENTER	OWNER_RENTER_WITHIN_AGE	M1_NATURAL_TRANSFORM_UNIT_IDENTITY	I_SEARCH_SECURITY	1	-5725459438967949/200000000000000000	-0.028627297194839745	32780885787267181320042249266601/40000000000000000000000000000000000	0.000819522144681679533001056231665025
28	55-64	OWNER	55-64	RENTER	OWNER_RENTER_WITHIN_AGE	M2_CONCEPT_BALANCED_I_SPLIT	H_ACCESS_SPACE_ROOMS_PER_PERSON	1	-772172444843/1000000000000	-0.772172444843	596250284574815877294649/1000000000000000000000000	0.596250284574815877294649
28	55-64	OWNER	55-64	RENTER	OWNER_RENTER_WITHIN_AGE	M2_CONCEPT_BALANCED_I_SPLIT	K_FIN_MEAN_TRANSFORMED	1	-1541117737517/1000000000000	-1.541117737517	2375043880889516909325289/1000000000000000000000000	2.375043880889516909325289
28	55-64	OWNER	55-64	RENTER	OWNER_RENTER_WITHIN_AGE	M2_CONCEPT_BALANCED_I_SPLIT	D_PIRTOTAL_MEAN_STATE_TRANSFORMED	1	26503409707/250000000000	0.106013638828	702430726097101825849/62500000000000000000000	0.011238891617553629213584
28	55-64	OWNER	55-64	RENTER	OWNER_RENTER_WITHIN_AGE	M2_CONCEPT_BALANCED_I_SPLIT	I_FYFT_SHARE	1/2	-17549677645756301/100000000000000000	-0.17549677645756301	307991185469958423530754281202601/20000000000000000000000000000000000	0.01539955927349792117653771406013005
28	55-64	OWNER	55-64	RENTER	OWNER_RENTER_WITHIN_AGE	M2_CONCEPT_BALANCED_I_SPLIT	I_SEARCH_SECURITY	1/2	-5725459438967949/200000000000000000	-0.028627297194839745	32780885787267181320042249266601/80000000000000000000000000000000000	0.0004097610723408397665005281158325125
