pair_index	cell_a_age_band	cell_a_tenure	cell_b_age_band	cell_b_tenure	pair_family	direction_definition	delta_H_ACCESS_SPACE_ROOMS_PER_PERSON_exact	delta_H_ACCESS_SPACE_ROOMS_PER_PERSON_decimal	delta_K_FIN_MEAN_TRANSFORMED_exact	delta_K_FIN_MEAN_TRANSFORMED_decimal	delta_D_PIRTOTAL_MEAN_STATE_TRANSFORMED_exact	delta_D_PIRTOTAL_MEAN_STATE_TRANSFORMED_decimal	delta_I_FYFT_SHARE_exact	delta_I_FYFT_SHARE_decimal	delta_I_SEARCH_SECURITY_exact	delta_I_SEARCH_SECURITY_decimal
1	25-34	OWNER	25-34	RENTER	OWNER_RENTER_WITHIN_AGE	CELL_B_MINUS_CELL_A	-572717136361/1000000000000	-0.572717136361	-193039420853/500000000000	-0.386078841706	35580476579/250000000000	0.142321906316	-1170674890169231/10000000000000000	-0.1170674890169231	-9318261646067937/200000000000000000	-0.046591308230339685
2	25-34	OWNER	35-44	OWNER	ADJACENT_AGE_WITHIN_TENURE	CELL_B_MINUS_CELL_A	-289689200153/1000000000000	-0.289689200153	876483410009/1000000000000	0.876483410009	7034165433/1000000000000	0.007034165433	68708928910733/6250000000000000	0.01099342862571728	15983039860101279/1000000000000000000	0.015983039860101279
3	25-34	OWNER	35-44	RENTER	OTHER_PAIRWISE	CELL_B_MINUS_CELL_A	-127224422187/200000000000	-0.636122110935	-205979874023/1000000000000	-0.205979874023	65800843677/500000000000	0.131601687354	-11993801058220121/100000000000000000	-0.11993801058220121	-26649183391669849/1000000000000000000	-0.026649183391669849
4	25-34	OWNER	45-54	OWNER	OTHER_PAIRWISE	CELL_B_MINUS_CELL_A	36708085737/250000000000	0.146832342948	285309080199/200000000000	1.426545400995	-6735895819/250000000000	-0.026943583276	-316838436154947/20000000000000000	-0.01584192180774735	2765553035573437/200000000000000000	0.013827765177867185
5	25-34	OWNER	45-54	RENTER	OTHER_PAIRWISE	CELL_B_MINUS_CELL_A	-80908108159/250000000000	-0.323632432636	-199910220677/500000000000	-0.399820441354	144713181223/1000000000000	0.144713181223	-16109952164200891/100000000000000000	-0.16109952164200891	-2295056520762547/125000000000000000	-0.018360452166100376
6	25-34	OWNER	55-64	OWNER	OTHER_PAIRWISE	CELL_B_MINUS_CELL_A	450758024151/500000000000	0.901516048302	115926328251/62500000000	1.854821252016	-10372788181/100000000000	-0.10372788181	-878453418206947/5000000000000000	-0.1756906836413894	15743364414796249/1000000000000000000	0.015743364414796249
7	25-34	OWNER	55-64	RENTER	OTHER_PAIRWISE	CELL_B_MINUS_CELL_A	129343603459/1000000000000	0.129343603459	313703514499/1000000000000	0.313703514499	1142878509/500000000000	0.002285757018	-35118746009895241/100000000000000000	-0.35118746009895241	-1610491597505437/125000000000000000	-0.012883932780043496
8	25-34	RENTER	35-44	OWNER	OTHER_PAIRWISE	CELL_B_MINUS_CELL_A	17689246013/62500000000	0.283027936208	252512450343/200000000000	1.262562251715	-135287740883/1000000000000	-0.135287740883	6403045882132019/50000000000000000	0.12806091764264038	15643587022610241/250000000000000000	0.062574348090440964
9	25-34	RENTER	35-44	RENTER	ADJACENT_AGE_WITHIN_TENURE	CELL_B_MINUS_CELL_A	-31702487287/500000000000	-0.063404974574	180098967683/1000000000000	0.180098967683	-5360109481/500000000000	-0.010720218962	-287052156527811/100000000000000000	-0.00287052156527811	4985531209667459/250000000000000000	0.019942124838669836
10	25-34	RENTER	45-54	OWNER	OTHER_PAIRWISE	CELL_B_MINUS_CELL_A	719549479309/1000000000000	0.719549479309	1812624242701/1000000000000	1.812624242701	-21158186199/125000000000	-0.169265489592	404902268836703/4000000000000000	0.10122556720917575	6041907340820687/100000000000000000	0.06041907340820687
11	25-34	RENTER	45-54	RENTER	OTHER_PAIRWISE	CELL_B_MINUS_CELL_A	9963388149/40000000000	0.249084703725	-429424989/31250000000	-0.013741599648	2391274907/1000000000000	0.002391274907	-4403203262508581/100000000000000000	-0.04403203262508581	28230856064239309/1000000000000000000	0.028230856064239309
12	25-34	RENTER	55-64	OWNER	OTHER_PAIRWISE	CELL_B_MINUS_CELL_A	1474233184663/1000000000000	1.474233184663	1120450046861/500000000000	2.240900093722	-123024894063/500000000000	-0.246049788126	-586231946244663/10000000000000000	-0.0586231946244663	31167336322567967/500000000000000000	0.062334672645135934
13	25-34	RENTER	55-64	RENTER	OTHER_PAIRWISE	CELL_B_MINUS_CELL_A	35103036991/50000000000	0.70206073982	139956471241/200000000000	0.699782356205	-70018074649/500000000000	-0.140036149298	-23411997108202931/100000000000000000	-0.23411997108202931	33707375450296189/1000000000000000000	0.033707375450296189
14	35-44	OWNER	35-44	RENTER	OWNER_RENTER_WITHIN_AGE	CELL_B_MINUS_CELL_A	-173216455391/500000000000	-0.346432910782	-16913488813/15625000000	-1.082463284032	124567521921/1000000000000	0.124567521921	-13093143920791849/100000000000000000	-0.13093143920791849	-5329027906471391/125000000000000000	-0.042632223251771128
15	35-44	OWNER	45-54	OWNER	ADJACENT_AGE_WITHIN_TENURE	CELL_B_MINUS_CELL_A	436521543101/1000000000000	0.436521543101	275030995493/500000000000	0.550061990986	-33977748709/1000000000000	-0.033977748709	-2683535043346463/100000000000000000	-0.02683535043346463	-1077637341117047/500000000000000000	-0.002155274682234094
16	35-44	OWNER	45-54	RENTER	OTHER_PAIRWISE	CELL_B_MINUS_CELL_A	-33943232483/1000000000000	-0.033943232483	-1276303851363/1000000000000	-1.276303851363	13767901579/100000000000	0.13767901579	-17209295026772619/100000000000000000	-0.17209295026772619	-6868698405240331/200000000000000000	-0.034343492026201655
17	35-44	OWNER	55-64	OWNER	OTHER_PAIRWISE	CELL_B_MINUS_CELL_A	238241049691/200000000000	1.191205248455	978337842007/1000000000000	0.978337842007	-110762047243/1000000000000	-0.110762047243	-4667102806677667/25000000000000000	-0.18668411226710668	-23967544530503/100000000000000000	-0.00023967544530503
18	35-44	OWNER	55-64	RENTER	OTHER_PAIRWISE	CELL_B_MINUS_CELL_A	104758200903/250000000000	0.419032803612	-56277989551/100000000000	-0.56277989551	-949681683/200000000000	-0.004748408415	-36218088872466969/100000000000000000	-0.36218088872466969	-1154678905605791/40000000000000000	-0.028866972640144775
19	35-44	RENTER	45-54	OWNER	OTHER_PAIRWISE	CELL_B_MINUS_CELL_A	782954453883/1000000000000	0.782954453883	816262637509/500000000000	1.632525275018	-15854527063/100000000000	-0.15854527063	5204804438722693/50000000000000000	0.10409608877445386	20238474284768517/500000000000000000	0.040476948569537034
20	35-44	RENTER	45-54	RENTER	ADJACENT_AGE_WITHIN_TENURE	CELL_B_MINUS_CELL_A	312489678299/1000000000000	0.312489678299	-193840567331/1000000000000	-0.193840567331	13111493869/1000000000000	0.013111493869	-411615110598077/10000000000000000	-0.0411615110598077	8288731225569473/1000000000000000000	0.008288731225569473
21	35-44	RENTER	55-64	OWNER	OTHER_PAIRWISE	CELL_B_MINUS_CELL_A	1537638159237/1000000000000	1.537638159237	2060801126039/1000000000000	2.060801126039	-58832392291/250000000000	-0.235329569164	-5575267305918819/100000000000000000	-0.05575267305918819	21196273903233049/500000000000000000	0.042392547806466098
22	35-44	RENTER	55-64	RENTER	OTHER_PAIRWISE	CELL_B_MINUS_CELL_A	382732857197/500000000000	0.765465714394	259841694261/500000000000	0.519683388522	-4041122823/31250000000	-0.129315930336	-289061811895939/1250000000000000	-0.2312494495167512	13765250611626353/1000000000000000000	0.013765250611626353
23	45-54	OWNER	45-54	RENTER	OWNER_RENTER_WITHIN_AGE	CELL_B_MINUS_CELL_A	-14702024237/31250000000	-0.470464775584	-1826365842349/1000000000000	-1.826365842349	171656764499/1000000000000	0.171656764499	-3631439995856539/25000000000000000	-0.14525759983426156	-32188217343967561/1000000000000000000	-0.032188217343967561
24	45-54	OWNER	55-64	OWNER	ADJACENT_AGE_WITHIN_TENURE	CELL_B_MINUS_CELL_A	377341852677/500000000000	0.754683705354	428275851021/1000000000000	0.428275851021	-38392149267/500000000000	-0.076784298534	-3196975236672841/20000000000000000	-0.15984876183364205	239449904616133/125000000000000000	0.001915599236929064
25	45-54	OWNER	55-64	RENTER	OTHER_PAIRWISE	CELL_B_MINUS_CELL_A	-17488739489/1000000000000	-0.017488739489	-34776308953/31250000000	-1.112841886496	14614670147/500000000000	0.029229340294	-16767276914560253/50000000000000000	-0.33534553829120506	-26711697957910681/1000000000000000000	-0.026711697957910681
26	45-54	RENTER	55-64	OWNER	OTHER_PAIRWISE	CELL_B_MINUS_CELL_A	612574240469/500000000000	1.225148480938	225464169337/100000000000	2.25464169337	-248441063033/1000000000000	-0.248441063033	-1459116199938049/100000000000000000	-0.01459116199938049	272830532647173/8000000000000000	0.034103816580896625
27	45-54	RENTER	55-64	RENTER	ADJACENT_AGE_WITHIN_TENURE	CELL_B_MINUS_CELL_A	90595207219/200000000000	0.452976036095	713523955853/1000000000000	0.713523955853	-28485484841/200000000000	-0.142427424205	-380175876913887/2000000000000000	-0.1900879384569435	68456492325711/12500000000000000	0.00547651938605688
28	55-64	OWNER	55-64	RENTER	OWNER_RENTER_WITHIN_AGE	CELL_B_MINUS_CELL_A	-772172444843/1000000000000	-0.772172444843	-1541117737517/1000000000000	-1.541117737517	26503409707/250000000000	0.106013638828	-17549677645756301/100000000000000000	-0.17549677645756301	-5725459438967949/200000000000000000	-0.028627297194839745
