date,income_rel,consumer_price_rel,house_price_rel,cpp_index_1991q1_100,ha_index_1991q1_100,x_c,x_h,divergence_xc_minus_xh,delta_x_c,delta_x_h,qa_real_dpi_relative_error,qa_real_pce_relative_error
1991-01-01,1.0,1.0,1.0,100.0,100.0,0.0,0.0,0.0,,,0.0,0.0
1991-04-01,1.0097658480868075,1.0054573379954903,1.0,100.42851247173816,100.97658480868074,0.004275969714694089,0.009718470398191768,-0.005442500683497679,0.004275969714694089,0.009718470398191768,4.8812620439542265e-05,3.680154580165684e-05
1991-07-01,1.0169046259280412,1.0122871801575113,1.0018,100.45613990387703,101.50774864524269,0.0045510273857140866,0.014964950912339622,-0.010413923526625535,0.0002750576710199978,0.005246480514147854,5.213184541019711e-05,8.240072874199367e-05
1991-10-01,1.0287835522558537,1.019639881049639,1.0105,100.89675495987878,101.80935697732347,0.008927579901658886,0.017931829202251854,-0.009004249300592968,0.0043765525159448,0.0029668782899122323,4.982700494260417e-05,7.349387175703548e-05
1992-01-01,1.0520845231296403,1.0260285611581321,1.0227,102.53949675066525,102.87322999214241,0.0250778725210648,0.02832726743845353,-0.00324939491738873,0.016150292619405912,0.010395438236201676,8.35059011783379e-05,0.00013632867195578768
1992-04-01,1.0654483152484295,1.0328420639848372,1.0211,103.15694455140539,104.34319021138279,0.031081376046335388,0.0425151862909663,-0.011433810244630915,0.006003503525270588,0.014187918852512773,9.480159381081155e-05,0.0001069881569972786
1992-07-01,1.0729297544260423,1.0394268161171205,1.0295999999999998,103.22321281204532,104.20840660703598,0.03172357211560902,0.04122261768762181,-0.009499045572012789,0.0006421960692736331,-0.0012925686033444933,6.226093566186197e-05,9.546680386129935e-05
1992-10-01,1.0814391776127927,1.046681480997353,1.0377,103.32075203836797,104.21501181582275,0.03266806094290726,0.04128600028482669,-0.008617939341919435,0.0009444888272982371,6.338259720488348e-05,9.920650214534366e-05,7.284105361726745e-05
1993-01-01,1.0888063963449457,1.0529231070880036,1.0381,103.40796863658753,104.88453870965664,0.0335118392346644,0.04768992779470375,-0.014178088560039347,0.0008437782917571426,0.006403927509877054,0.00010072235610081304,8.891478757599991e-05
1993-04-01,1.0962307252998287,1.059998039279762,1.0485,103.41818424916009,104.5522866285006,0.033610623768809106,0.04451711079516309,-0.010906487026353981,9.878453414470523e-05,-0.0031728169995406605,6.953316374769258e-05,0.00010765778380961155
1993-07-01,1.0981724728726443,1.064589392503513,1.0564,103.15455710958726,103.954228783855,0.031058231996691856,0.03878050842984962,-0.007722276433157763,-0.0025523917721172497,-0.005736602365313467,5.018672315137973e-05,8.511902974461805e-05
1993-10-01,1.10862364363221,1.0707329825822687,1.0665,103.53875911794191,103.94970873250915,0.034775840846936155,0.03873702631594099,-0.003961185469004834,0.0037176088502442993,-4.3482113908629993e-05,8.64478095130572e-05,6.485056349980756e-05
1994-01-01,1.1168475157053113,1.0745727263814908,1.0759999999999998,103.9341022050854,103.79623751908098,0.03858687967986872,0.03725953667904606,0.001327343000822663,0.003811038832932566,-0.0014774896368949311,4.887376416817801e-05,0.00012127820362195507
1994-04-01,1.1309537407195889,1.0805692624424037,1.0846,104.6627717471161,104.27380976577439,0.04557329795247495,0.041850039652159866,0.0037232583003150854,0.0069864182726062304,0.004590502973113808,6.615251285935209e-05,0.00010081511525417142
1994-07-01,1.1420902341519132,1.0883141073821117,1.0912,104.94123216863902,104.66369447873105,0.04823031385047463,0.04558211414883658,0.00264819970163805,0.0026570158979996802,0.0037320744966767155,4.374609666524254e-05,5.671288427144816e-05
1994-10-01,1.1603083952027413,1.0934283193359695,1.0966,106.11654871966255,105.80962932726075,0.0593678203219612,0.05647134372990197,0.00289647659205923,0.01113750647148657,0.01088922958106539,6.769683500917889e-05,8.41711736070394e-05
1995-01-01,1.1727013135351227,1.098771281984249,1.1032,106.72842772313498,106.299974033278,0.06511736348040364,0.061094855082057614,0.004022508398346031,0.0057495431584424425,0.004623511352155642,6.539045784081932e-05,7.035309651037824e-05
1995-04-01,1.1794403198172474,1.1051763014280578,1.1098999999999999,106.71965353339816,106.26545813291715,0.06503514967281067,0.060770099543845525,0.0042650501289651435,-8.221380759297625e-05,-0.00032475553821208897,4.9358881731409454e-05,5.4048474503631816e-05
1995-07-01,1.1911479154768703,1.1096859579752296,1.1199,107.34099200915175,106.36198905945801,0.07084042246515475,0.061678081410226675,0.009162341054928073,0.0058052727923440794,0.0009079818663811495,5.672656231059392e-05,7.034567345098885e-05
1995-10-01,1.1994860079954313,1.1145714192346656,1.1266,107.61858659708619,106.46955512119929,0.07342318471325655,0.0626888908869332,0.010734293826323349,0.0025827622481018053,0.0010108094767065298,7.542136183569248e-05,9.209497947415546e-05
1996-01-01,1.2143917761279268,1.1207640273193686,1.1364,108.35392165757641,106.86305668144374,0.08023273568700577,0.06637798467523298,0.01385475101177279,0.006809550973749218,0.003689093788299777,3.041881769583199e-05,0.00011596322483575783
1996-04-01,1.230039977155911,1.128263782229339,1.1437,109.02060285277189,107.54918048053781,0.08636669537749751,0.07277804980389473,0.013588645573602787,0.0061339596904917415,0.006400065128661744,7.070572955358845e-05,6.85738490998622e-05
1996-07-01,1.2408909194745859,1.1330675468121958,1.1509,109.51605868209211,107.81917798892917,0.0909010071467032,0.07528536008621671,0.015615647060486487,0.0045343117692056845,0.002507310282321984,4.645468352104665e-05,8.561951866414841e-05
1996-10-01,1.2516276413478014,1.1407960524165879,1.1576,109.71528510257684,108.12263660571885,0.09271850707064258,0.07809592104327195,0.014622586027370627,0.0018174999239393835,0.0028105609570552442,7.826618733319801e-05,7.227014036836898e-05
1997-01-01,1.2653340948029697,1.1458285676938662,1.1648,110.4296166528318,108.63101775437582,0.09920817866070104,0.08278679541281242,0.016421383247888624,0.006489671590058463,0.004690874369540465,6.60423985574532e-05,6.294104892345942e-05
1997-04-01,1.2757852655625357,1.148704290709454,1.1745,111.06298425808046,108.62369225734658,0.1049272801475978,0.08271935846719569,0.022207921680402115,0.005719101486896763,-6.743694561672786e-05,5.916869947386605e-05,7.418768873257431e-05
1997-07-01,1.290005711022273,1.1517270677428841,1.183,112.00619896434168,109.04528411008224,0.1133840316712727,0.08659306051657989,0.02679097115469281,0.008456751523674894,0.003873702049384198,3.203133938234348e-05,9.537239970081046e-05
1997-10-01,1.3090805254140492,1.1553544001830005,1.1957,113.30553856086925,109.48235555858905,0.1249178648834691,0.09059321383334984,0.03432465105011927,0.011533833212196407,0.00400015331676995,3.96513583598157e-05,4.0292396276009335e-05
1998-01-01,1.3335808109651628,1.1554360968595798,1.2106000000000001,115.4179633637699,110.15866603049417,0.14338981770298603,0.09675155897712776,0.04663825872585828,0.018471952819516926,0.006158345143777916,2.7880855957618245e-05,4.1796455961584655e-05
1998-04-01,1.3509994288977727,1.1575275317800073,1.2273,116.71423718278655,110.07898874747598,0.15455834400195345,0.09602800163109,0.05853034237086345,0.011168526298967418,-0.0007235573460377537,6.15901660409035e-05,0.00010066138423725501
1998-07-01,1.364363221016562,1.161105846214176,1.2433,117.50549921569282,109.73724933777542,0.16131494833663412,0.09291868006320275,0.06839626827343137,0.0067566043346806715,-0.0031093215678872493,7.961317005100721e-05,0.0001013549326926988
1998-10-01,1.3740719588806396,1.164161301918238,1.2637,118.03106293058556,108.73403172276961,0.16577764900909595,0.08373463846627426,0.08204301054282169,0.004462700672461822,-0.009184041596928497,6.848762427746902e-05,9.027062165156696e-05
1999-01-01,1.3879497430039978,1.1664651481977713,1.2821,118.9876735835981,108.25596622759517,0.17384971842720584,0.07932829464218544,0.0945214237850204,0.008072069418109895,-0.004406343824088818,7.715046945466764e-05,0.00011191107902708275
1999-04-01,1.3929754426042262,1.1730989183360023,1.301,118.74322112410695,107.06959589578989,0.1717931700265549,0.06830886596921062,0.10348430405734427,-0.0020565484006509482,-0.011019428672974813,7.548009986757531e-05,0.000119827848152676
1999-07-01,1.406053683609366,1.1795529557857587,1.3211000000000002,119.20225172703024,106.43052634996334,0.175651458792173,0.06232225155637544,0.11332920723579756,0.003858288765618112,-0.005986614412835184,9.487146030562332e-05,0.00013683757185944945
1999-10-01,1.4286122215876642,1.1867095846540965,1.3407,120.38431643779785,106.55718815452109,0.18551907625724323,0.06351163301702945,0.12200744324021379,0.009867617465070228,0.0011893814606540043,0.00011749019177942355,0.00012552615683736335
2000-01-01,1.461679040548258,1.1963497924904414,1.3644,122.17823329960052,107.12980361684681,0.20031072131232563,0.06887103115528989,0.13143969015703574,0.014791645055082403,0.005359398138260446,8.030931358460336e-05,0.00010907324158715426
2000-04-01,1.4823529411764707,1.2020522205156694,1.3874000000000002,123.31851444361999,106.84394847747372,0.20960037060326195,0.0661991584920975,0.14340121211116447,0.009289649290936314,-0.0026718726631923956,7.29230722231744e-05,0.0001081626758747678
2000-07-01,1.5074814391776128,1.2097970654553774,1.4091,124.60614116386411,106.9818635425174,0.2199877061801026,0.06748913450449255,0.15249857167561004,0.010387335576840656,0.0012899760123950554,8.927756481880156e-05,6.545495961707282e-05
2000-10-01,1.5221587664191891,1.2166269076173981,1.4337,125.11302823312813,106.16996348044843,0.22404736861329935,0.0598710530649136,0.16417631554838574,0.004059662433196748,-0.007618081439578948,6.0413512362633703e-05,4.855786598501055e-05
2001-01-01,1.542147344374643,1.2256462207117416,1.4601,125.82320398125219,105.6192962382469,0.22970759263049317,0.05467089811991616,0.17503669451057702,0.005660224017193821,-0.00520015494499744,2.7260228443792833e-05,4.503193500593472e-05
2001-04-01,1.5445459737292975,1.231381327407601,1.4836,125.43197946496352,104.10797881701923,0.22659342935554996,0.04025843239233096,0.186334996963219,-0.00311416327494321,-0.0144124657275852,2.537618285003429e-05,1.0480068650786656e-05
2001-07-01,1.576527698458024,1.232002222149603,1.5062,127.96467978014614,104.66921381343938,0.2465841006356866,0.0456348467531332,0.20094925388255339,0.019990671280136624,0.005376414360802238,8.333967938312092e-06,2.393580963266917e-05
2001-10-01,1.5470588235294118,1.232508741544394,1.53,125.5211238170101,101.11495578623607,0.2273038756869981,0.011087859723158665,0.21621601596383944,-0.019280224948688474,-0.03454698702997454,1.1318666557347257e-05,5.7889570152958036e-05
2002-01-01,1.5838378069674472,1.2349923205124016,1.555,128.2467737378568,101.8545213483889,0.2487861417062663,0.018375347927094696,0.23041079377917162,0.021482266019268198,0.007287488203936031,4.355145665824178e-05,3.1647746660090625e-05
2002-04-01,1.604797258709309,1.2441586876245874,1.5836000000000001,128.98654124043222,101.33854879447517,0.2545378814611568,0.013296693792100984,0.2412411876690558,0.005751739754890489,-0.0050786541349937125,5.2853302055067e-05,8.207528876902348e-05
2002-07-01,1.6109651627641348,1.250596385739028,1.6139,128.8157539182516,99.81815247314796,0.2532129332324368,-0.0018201307018857016,0.2550330639343225,-0.0013249482287199799,-0.015116824493986686,7.631668307828132e-05,6.364726947549748e-05
2002-10-01,1.6244431753283837,1.2564295284467828,1.6462999999999999,129.29043281373248,98.6723668425186,0.25689110489232403,-0.01336524994832807,0.2702563548406521,0.0036781716598872083,-0.011545119246442368,5.4259623462726836e-05,8.859960590890115e-05
2003-01-01,1.633866362078812,1.2660370576124962,1.6750999999999998,129.0535969902786,97.53843723233314,0.25505761263023446,-0.024923657647810713,0.2799812702780452,-0.0018334922620895644,-0.011558407699482643,4.782529198599228e-05,6.279803289477304e-05
2003-04-01,1.650428326670474,1.2673115257671317,1.7019,130.23067281514963,96.97563468302921,0.26413709833884175,-0.03071042787265829,0.2948475262115,0.009079485708607282,-0.005786770224847578,5.379639799485414e-05,8.22026164637446e-05
2003-07-01,1.6853797829811537,1.2756609261135257,1.7356,132.11816310121628,97.10646364261083,0.2785265111772973,-0.029362246041088527,0.3078887572183858,0.014389412838455573,0.0013481818315697648,7.918990376232227e-05,0.00012149632817637368
2003-10-01,1.6942318675042833,1.281935230874808,1.7745,132.16204896312266,95.47657748685732,0.27885862731998534,-0.046289230500753946,0.3251478578207393,0.0003321161426880215,-0.01692698445966542,6.44679655843472e-05,8.505270820602373e-05
2004-01-01,1.7116504854368932,1.2918205287408908,1.8138999999999998,132.49909312907434,94.36300156772111,0.2814056151058902,-0.058021122207597864,0.33942673731348805,0.0025469877859048418,-0.011731891706843918,0.00010575690472225396,0.00011473287299579304
2004-04-01,1.7370645345516849,1.3005130551289172,1.8596000000000001,133.5676353037066,93.41065468658232,0.28943779504624934,-0.06816477138597975,0.3576025664322291,0.008032179940359152,-0.010143649178381883,8.633696024129556e-05,8.815574053466779e-05
2004-07-01,1.7524842946887493,1.3069017352374106,1.9076,134.0945724867673,91.86854134455595,0.2933751298545659,-0.0848115292166787,0.3781866590712446,0.003937334808316539,-0.016646757830698952,9.23376651343899e-05,8.779438834938258e-05
2004-10-01,1.7836093660765278,1.3180778405934446,1.9545,135.31897063632331,91.2565549284486,0.30246455101049513,-0.0914953612731751,0.3939599122836702,0.009089421155929256,-0.0066838320564964054,8.374660230114905e-05,0.00012721884267796746
2005-01-01,1.7659051970302684,1.3257409888565734,2.003,133.2013728076197,88.16301532852063,0.28669187842859845,-0.1259826382586764,0.41267451668727484,-0.015772672581896685,-0.03448727698550129,8.100440123848252e-05,0.00011261292567799064
2005-04-01,1.7894346087949744,1.3341067285382833,2.056,134.12979415489283,87.03475723710964,0.29363775825607147,-0.13886263864324433,0.4325003968993158,0.006945879827473023,-0.012880000384567936,9.03093513252573e-05,9.202709340994097e-05
2005-07-01,1.810850942318675,1.3485180222868534,2.1101,134.28451918260498,85.81825232541941,0.29479064047703685,-0.15293847105272512,0.44772911152976197,0.0011528822209653788,-0.014075832409480793,8.326120078894217e-05,0.00011924740937496736
2005-10-01,1.837007424328955,1.3592529655893597,2.1551,135.1483109350764,85.24000855315089,0.3012025889505813,-0.15969927841569395,0.46090186736627525,0.0064119484735444265,-0.006760807362968829,7.93462844821402e-05,9.456473377122965e-05
2006-01-01,1.8766990291262136,1.3663115584458023,2.1865,137.35513086495322,85.83119273387668,0.3173995819890922,-0.15278769388618887,0.4701872758752811,0.01619699303851091,0.006911584529505077,4.3183275322156156e-05,9.214489568332151e-05
2006-04-01,1.8959451741861792,1.3783046305676285,2.2015000000000002,137.556323336545,86.12060750334678,0.31886327151120053,-0.14942145936740436,0.4682847308786049,0.0014636895221083468,0.003366234518784511,5.4269721128874515e-05,7.712794013225999e-05
2006-07-01,1.907424328954883,1.388222607104343,2.2048,137.4004658326037,86.51235163982595,0.3177295841335929,-0.14488298872028305,0.46261257285387597,-0.0011336873776076062,0.004538470647121318,4.392361854110849e-05,5.972811537602318e-05
2006-10-01,1.9225585379782981,1.3859351001601257,2.2152000000000003,138.71923279496804,86.7893886772435,0.32728179642740496,-0.14168582205713096,0.46896761848453594,0.009552212293812035,0.00319716666315209,6.116143511336603e-05,7.941913748676921e-05
2007-01-01,1.9506567675613935,1.398598085029901,2.2284,139.4722893188925,87.53620389343895,0.3326957526658973,-0.13311771941692413,0.4658134720828214,0.0054139562384923345,0.008568102640206826,4.956837150360549e-05,8.363054563953476e-05
2007-04-01,1.9725299828669332,1.4104767818045163,2.2222,139.84845467242255,88.76473687638075,0.33538918370553084,-0.11918072210589468,0.45456990581142553,0.0026934310396335426,0.013936997311029445,5.890881013437266e-05,6.893786111272782e-05
2007-07-01,1.9818960593946315,1.4184503774386459,2.1935,139.72262201892622,90.35313696807074,0.33448900001355025,-0.10144444937471317,0.4359334493882634,-0.0009001836919805828,0.017736272731181515,5.8979923085900055e-05,8.605342758882806e-05
2007-10-01,1.9994288977727013,1.4328616711872162,2.1534999999999997,139.54095764987898,92.84554900267943,0.3331879754052756,-0.0742328368432143,0.4074208122484899,-0.0013010246082746368,0.02721161253149887,5.8409927855440635e-05,6.059544103376169e-05
2008-01-01,2.0198743575099942,1.4445279566027254,2.104,139.82937112967906,96.00163296150163,0.3352527156625719,-0.04080498464928187,0.3760577003118538,0.0020647402572963047,0.033427852193932434,2.0419931980764083e-05,4.819369282360597e-05
2008-04-01,2.077041690462593,1.4585961243096632,2.0447,142.40005549484323,101.58173279515785,0.3534702027006858,0.015693537667923904,0.3377766650327619,0.018217487038113878,0.05649852231720577,1.60990936339811e-05,4.160130091468428e-05
2008-07-01,2.053740719588806,1.4741511715303421,1.9934,139.31683257808504,103.02702516247648,0.331580524382513,0.029821148044093082,0.3017593763384199,-0.02188967831817279,0.014127610376169178,1.36936271295518e-05,1.568787096417612e-05
2008-10-01,2.03917761279269,1.4506225286755337,1.9346,140.57258676759463,105.40564523894808,0.34055380117527506,0.052646008826699855,0.2879077923485752,0.008973276792762053,0.022824860782606773,4.548356237865647e-06,1.8556619170828625e-05
2009-01-01,2.0197601370645346,1.44081892748603,1.9225,140.18139951760998,105.05904484080804,0.33776710875239824,0.04935233793736305,0.2884147708150352,-0.002786692422876824,-0.003293670889336804,2.533237216106876e-06,3.554100364111523e-05
2009-04-01,2.0371787549971443,1.4465540341818894,1.8957,140.82977247022006,107.46314052841402,0.342381687586252,0.07197772397779707,0.2704039636084549,0.004614578833853744,0.02262538604043402,1.4943320511329183e-05,2.268847387765227e-05
2009-07-01,2.02175899486008,1.4565210287245514,1.8871,138.80740167757804,107.13576359811773,0.32791718687015564,0.06892666287764208,0.25899052399251354,-0.01446450071609634,-0.003051061100154989,5.096065392229399e-06,1.974030085039047e-05
2009-10-01,2.035579668760708,1.467762491421849,1.886,138.68590324779345,107.93105348678198,0.32704150132825566,0.0763224436352338,0.25071905769302183,-0.0008756855418999843,0.007395780757591716,4.94728025779434e-05,4.820694557972072e-05
2010-01-01,2.0516276413478014,1.4734322407764453,1.869,139.2413973693604,109.77140938190485,0.3310389125939623,0.09322992103751712,0.23780899155644517,0.00399741126570663,0.016907477402283322,2.601065881779885e-05,7.587591791691217e-05
2010-04-01,2.0849800114220445,1.4757197477206627,1.8591,141.28563466352065,112.14996565123147,0.3456134330246943,0.11466676870283586,0.23094666432185845,0.01457452043073204,0.02143684766531874,2.918939135487797e-05,4.759316338553976e-05
2010-07-01,2.0958880639634496,1.478546452730303,1.8288,141.7532780314853,114.60455292888506,0.3489178817949582,0.13631734637671952,0.21260053541823867,0.003304448770263868,0.02165057767388366,9.54618779103189e-06,7.087743564271332e-05
2010-10-01,2.112735579668761,1.4880232672134897,1.8106,141.9826978663528,116.68704184628082,0.3505350181777411,0.15432530897539382,0.19620970920234726,0.00161713638278288,0.018007962598674293,1.8466359028579404e-05,3.8685026352291985e-05
2011-01-01,2.1480296973158195,1.5005228587301067,1.77,143.1520809442182,121.35761001784292,0.3587373822594432,0.1935714555313322,0.16516592672811098,0.008202364081702107,0.03924614655593839,2.9046118103726037e-05,6.130612029608962e-05
2011-04-01,2.16093660765277,1.51527727852031,1.7549000000000001,142.60997893157585,123.13730740513817,0.35494329802602353,0.20812986712904316,0.14681343089698037,-0.003794084233419648,0.014558411597710957,3.1494232541229294e-05,4.725608992872665e-05
2011-07-01,2.1778983438035406,1.522286853370805,1.7604,143.06753940500852,123.71610678275056,0.35814663630313764,0.2128192933636421,0.14532734293949554,0.0032033382771141095,0.004689426234598948,9.20981694196854e-06,4.786282646351836e-05
2011-10-01,2.1854368932038835,1.5273193686480833,1.7631000000000001,143.08971247698753,123.95422229050442,0.35830160754274487,0.2147421363784733,0.14355947116427156,0.0001549712396072267,0.0019228430148311992,2.5239022298340075e-05,3.5818810473986495e-05
2012-01-01,2.2296973158195317,1.537433417208588,1.7708000000000002,145.02724416305713,125.91468916984027,0.3717514295629255,0.2304344215672926,0.1413170079956329,0.013449822020180635,0.015692285188819294,1.7001541208316873e-05,2.6892914112175426e-05
2012-04-01,2.246145059965734,1.5411424463252834,1.7987,145.7454543103051,124.87602490497214,0.376691450490658,0.22215125839416963,0.15454019209648837,0.004940020927732491,-0.00828316317312297,5.408456561828423e-06,3.568733221526177e-05
2012-07-01,2.2301541976013706,1.5456194242018235,1.8204,144.28870151868395,122.50901986384149,0.36664597817242317,0.20301447282758456,0.1636315053448386,-0.010045472318234827,-0.019136785566585074,6.04516491309326e-08,2.9979541624758355e-05
2012-10-01,2.3002855511136495,1.5542956112545343,1.8478,147.99537066549374,124.48779906449016,0.3920108079996121,0.21903752563240128,0.1729732823672108,0.025364829827188906,0.016023052804816723,1.2386108408812824e-05,4.703990409671288e-05
2013-01-01,2.2133066818960594,1.5597366099147087,1.8861,141.90259225992585,117.34832097428871,0.3499706662275755,0.1599764283607262,0.1899942378668493,-0.04204014177203658,-0.05906109727167508,1.6462337378175818e-05,3.5665798404416194e-05
2013-04-01,2.2274129069103368,1.5605372373451847,1.9234,142.7337235925016,115.80601574869173,0.3558106356794474,0.14674632727204417,0.2090643084074032,0.005839969451871874,-0.013230101088682028,2.1590229088652713e-05,4.6198237755867844e-05
2013-07-01,2.2396916047972586,1.5669585961243095,1.9531,142.9324048725267,114.6736779886979,0.35720163931805315,0.13692032609817503,0.22028131321987812,0.0013910036386057811,-0.009826001173869142,2.5406318044485232e-05,4.542251232908523e-05
2013-10-01,2.2462592804111936,1.572726381490801,1.973,142.82581552945942,113.84993818607165,0.3564556285970968,0.12971106357967108,0.2267445650174257,-0.0007460107209563693,-0.007209262518503956,3.7543486238744705e-05,7.119847215864006e-05
2014-01-01,2.278812107367219,1.579948367700402,1.9966,144.23332774374177,114.13463424658015,0.3662621338208247,0.1322085677349214,0.23405356608590328,0.00980650522372789,0.002497504155250324,2.0475270573472315e-05,3.144923243292297e-05
2014-04-01,2.3135351227869787,1.5870232998921605,2.0137,145.77827073768768,114.88976127461781,0.3769165877587538,0.13880288501461605,0.23811370274413776,0.010654453937929131,0.006594317279694645,2.006190533132557e-05,6.449589426027469e-05
2014-07-01,2.3366076527698456,1.5913532237508579,2.0356,146.8314901994169,114.7871709947851,0.3841154180833618,0.1379095407362697,0.2462058773470921,0.0071988303246079965,-0.0008933442783463363,3.5959389355744165e-05,4.560698737532398e-05
2014-10-01,2.361679040548258,1.5892454494951147,2.0615,148.60379441693772,114.56119527277507,0.3961134804038743,0.13593895076596557,0.2601745296379087,0.011998062320512481,-0.0019705899703041374,3.4207900701410665e-05,3.728953839488014e-05
2015-01-01,2.3793260993717875,1.5821214992974084,2.09,150.38832987405854,113.84335403692765,0.4080506285946009,0.12965323008724308,0.2783973985073578,0.01193714819072661,-0.0062857206787224895,2.0889744389629428e-05,3.163688598573078e-05
2015-04-01,2.3941176470588235,1.590013398254959,2.1168,150.57216811420392,113.10079587390511,0.40927230562025063,0.123109234013779,0.28616307160647164,0.0012216770256497367,-0.006543996073464078,3.0239148705923924e-05,2.9424680948686444e-05
2015-07-01,2.40862364363221,1.5941472500898664,2.1425,151.09166631228263,112.4211735650973,0.412716528310181,0.11708211064447359,0.2956344176657074,0.0034442226899303874,-0.006027123369305415,1.5597947070067342e-05,4.053771894629854e-05
2015-10-01,2.4152484294688747,1.5929217999411784,2.1728,151.62379154821423,111.1583408260712,0.4162322112408287,0.10578549277689757,0.3104467184639311,0.00351568293064769,-0.01129661786757602,3.303838214674393e-05,5.4697105919099265e-05
2016-01-01,2.431696173615077,1.5937060880363387,2.1995,152.581218825063,110.5567707940476,0.4225268507471009,0.10035896588083246,0.32216788486626846,0.006294639506272182,-0.005426526896065112,3.466485281133913e-05,6.337755516427901e-05
2016-04-01,2.4378640776699028,1.6038201365968432,2.2311,152.0035833221812,109.26736039038603,0.41873390906834534,0.08862754053867629,0.33010636852966907,-0.003792941678755546,-0.011731425342156168,4.080964644659346e-05,4.345088221979765e-05
2016-07-01,2.4551113649343232,1.6093591712689128,2.2644,152.55210948333988,108.4221588471261,0.4223360532228003,0.0808622995359751,0.3414737536868252,0.003602144154454978,-0.0077652410027011926,4.219022650953086e-05,6.735993462736456e-05
2016-10-01,2.4775556824671616,1.6167282114963564,2.2993,153.2450330766524,107.75260655274046,0.42686797771018814,0.0746677334478655,0.35220024426232266,0.004531924487387817,-0.0061945660881096015,3.6401796550400434e-05,6.700021306838e-05
2017-01-01,2.514049114791548,1.6261560079735957,2.3289,154.60073341452545,107.9500671901562,0.43567569410304274,0.07649859339176433,0.3591771007112784,0.008807716392854603,0.0018308599438988382,3.9114916561500124e-05,7.383630264912178e-05
2017-04-01,2.542661336379212,1.6294238750367636,2.3686000000000003,156.0466478571663,107.34870118969904,0.44498480128788803,0.07091223942511903,0.374072561862769,0.009309107184845289,-0.005586353966645308,4.6006407255161363e-05,5.737058057153632e-05
2017-07-01,2.5648772130211306,1.635175321067939,2.4044,156.85640432403295,106.67431429966439,0.4501605786982574,0.06461021512684932,0.38555036357140804,0.005175777410369342,-0.006302024298269704,3.0810706675210575e-05,5.015109501160797e-05
2017-10-01,2.5918332381496287,1.6449789222574427,2.4409,157.56027041324006,106.18350764675442,0.45463786836879,0.05999861553189341,0.3946392528368966,0.004477289670532625,-0.004611599594955912,4.45127500448006e-05,6.80317687185017e-05
2018-01-01,2.6342090234151914,1.6564818143197935,2.4857,159.0243249665186,105.97453527840011,0.46388699174159903,0.05802864604071235,0.4058583457008867,0.009249123372809032,-0.001969969491181056,2.506982898220489e-05,5.7904528533714306e-05
2018-04-01,2.668246716162193,1.66517434070782,2.5141999999999998,160.238279616295,106.12706690645904,0.47149176901812123,0.05946693460414185,0.4120248344139794,0.007604777276522201,0.0014382885634294934,3.987701823504608e-05,3.451559036438123e-05
2018-07-01,2.701199314677327,1.670762393385837,2.5462000000000002,161.67465376110644,106.08747603005762,0.4804158197687846,0.059093813362657656,0.42132200640612694,0.008924050750663381,-0.00037312124148419085,4.067619922276666e-05,2.8342306055861854e-05
2018-10-01,2.7332952598515132,1.6771020554883826,2.5739,162.97727683933704,106.19275262642344,0.48844059920712835,0.0600856778020641,0.42835492140506426,0.008024779438343732,0.0009918644394064438,2.5758567965827872e-05,3.527600065644787e-05
2019-01-01,2.7696173615077098,1.6805169765693933,2.6050999999999997,164.80746104461292,106.31520331302869,0.49960770379143565,0.06123811183321535,0.4383695919582203,0.011167104584307308,0.001152434031151249,3.36223598974561e-05,7.673540407227009e-05
2019-04-01,2.7798972015990864,1.6899120943760009,2.6354,164.49951514345258,105.48293244285824,0.4977374367567761,0.05337897604777834,0.44435846070899776,-0.001870267034659534,-0.00785913578543701,3.588053666658819e-05,3.8006688927172405e-05
2019-07-01,2.8011993146773273,1.6939805888696449,2.67,165.3619488371177,104.9138320103868,0.5029665147363761,0.0479691797337916,0.4549973350025845,0.005229077979599983,-0.005409796313986741,6.227543593995133e-05,5.767700989234292e-05
2019-10-01,2.8215876641918904,1.7006470376785072,2.7147,165.91259689274145,103.93736560916086,0.5062909389631032,0.03861827796757088,0.4676726609955323,0.003324424226727074,-0.00935090176622072,7.174967847045632e-05,0.00010197572779291342
2020-01-01,2.8450028555111366,1.706561877062841,2.7666000000000004,166.70962206232235,102.83390643790705,0.5110833229326421,0.027944941813812442,0.4831383811188297,0.00479238396953896,-0.010673336153758435,9.176368908958565e-05,0.00011484018011043151
2020-04-01,3.1133637921187893,1.6995686415476619,2.783,183.18552813987534,111.87077945090871,0.6053292682620034,0.11217426431683089,0.49315500394517253,0.09424594532936126,0.08422932250301846,0.00012630492944265548,0.0001514414615986226
2020-07-01,3.028269560251285,1.7129342178360183,2.8878,176.7884328959786,104.86424129964973,0.5697835372786552,0.047496387598004,0.5222871496806512,-0.035545730983348234,-0.06467787671882688,0.00017453444414727848,0.00018963407631145124
2020-10-01,2.9801256424900058,1.7216594228946767,3.0166000000000004,173.09611894548996,98.79087855499587,0.548676855061669,-0.012164907814092364,0.5608417628757614,-0.021106682216986195,-0.05966129541209637,0.00022611478369038984,0.0002639699849635857
2021-01-01,3.3848657909765847,1.7412339466030522,3.1252999999999997,194.39465889004,108.30530800168256,0.6647202308153337,0.07978397883703338,0.5849362519783003,0.11604337575366475,0.09194888665112574,0.00029996749338612183,0.0003308439394794638
2021-04-01,3.1715591090805253,1.7676546518087644,3.2658,179.42187439357605,97.11430917632816,0.5845696870485486,-0.029281456189336533,0.6138511432378851,-0.0801505437667851,-0.10906543502636991,0.0003388848295597935,0.0003546309813511339
2021-07-01,3.1740719588806394,1.7916898140583641,3.4125,177.15521592942673,93.01309769613594,0.571856088465588,-0.07242986730889327,0.6442859557744812,-0.012713598582960617,-0.04314841111955674,0.0003134659288168695,0.0003400907080434168
2021-10-01,3.1866933181039405,1.8215744583510343,3.5413,174.9416996650617,89.98653935289133,0.5592825876592995,-0.10551008958910099,0.6647926772484005,-0.012573500806288496,-0.033080222280207724,0.00026325754685707636,0.0002912866695198302
2022-01-01,3.146887492861222,1.8558543838436652,3.6914,169.56543143992226,85.24916001682891,0.528068692537703,-0.15959192304803554,0.6876606155857385,-0.031213895121596447,-0.05408183345893455,0.00017167958282471307,0.00019459758342454947
2022-04-01,3.1834380354083383,1.8897748439593478,3.8082,168.45594307619112,83.594297447832,0.5215040641930837,-0.17919488057051053,0.7006989447635943,-0.00656462834461935,-0.019602957522474984,9.864493572042665e-05,0.00010333322364164399
2022-07-01,3.2650485436893204,1.9114734812587826,3.8039,170.8131750558817,85.83423706431084,0.5354002297209655,-0.15275222570324634,0.6881524554242118,0.013896165527881754,0.026442654867264187,4.8097407764013944e-05,7.025501851343208e-05
2022-10-01,3.324443175328384,1.9309172902846312,3.8131,172.16911320102878,87.18478863204174,0.5433070240698773,-0.13714031258308318,0.6804473366529604,0.007906794348911839,0.015611913120163162,4.9060356996921684e-05,6.047770464789881e-05
2023-01-01,3.4478012564249,1.9494134178621616,3.8424,176.86352339802588,89.73040954676505,0.5702081949220773,-0.10836046047629266,0.67856865539837,0.026901170852200007,0.028779852106790516,4.636001471847173e-05,4.618198439265697e-05
2023-04-01,3.503426613363792,1.9638247116107317,3.9153,178.39813261593375,89.48041308108682,0.5788475667035595,-0.11115043291406893,0.6899979996176284,0.008639371781482219,-0.0027899724377762614,4.4948446012105236e-05,7.019377523198589e-05
2023-07-01,3.5363221016561965,1.9770432338812456,4.0,178.8692346759581,88.40805254140491,0.5814848203471956,-0.12320712839578613,0.7046919487429817,0.002637253643636095,-0.0120566954817172,4.908375263090736e-05,7.288672533589668e-05
2023-10-01,3.573615077098801,1.98598085029901,4.0465,179.94207127227617,88.31372981833191,0.5874647868398007,-0.12427459988424919,0.7117393867240499,0.005979966492605127,-0.001067471488463062,6.940679813116635e-05,9.06093106093353e-05
2024-01-01,3.634380354083381,2.003561975098853,4.0889999999999995,181.39595376899013,88.88188686924387,0.5955120458707988,-0.1178618114801237,0.7133738573509225,0.00804725903099801,0.006412788404125486,6.970244681081539e-05,7.933079248245711e-05
2024-04-01,3.670873786407767,2.0164210319924187,4.1384,182.04897331290923,88.70273019543222,0.5991055490289247,-0.11987951703991684,0.7189850660688415,0.003593503158125899,-0.002017705559793137,7.273719813905011e-05,9.971270872422e-05
2024-07-01,3.6902341519131925,2.024933825691971,4.1779,182.23974063212393,88.3274887362836,0.6001528904883231,-0.12411881610861517,0.7242717065969383,0.0010473414593984431,-0.004239299068698327,8.074343918351712e-05,9.12660885623584e-05
2024-10-01,3.7262707024557398,2.0375641318911146,4.2313,182.87869540564074,88.06444124632476,0.6036528804242638,-0.12710135261105243,0.7307542330353163,0.003499989935940695,-0.0029825365024372663,6.507872806837955e-05,9.597420811868762e-05
2025-01-01,3.774700171330668,2.054818469984641,4.2619,183.69993390992258,88.56848286751608,0.6081334464611361,-0.12139411550472427,0.7295275619658603,0.004480566036872302,0.0057072371063281585,8.464276499964285e-05,8.81272928981991e-05
2025-04-01,3.8074814391776126,2.0656841279696745,4.2658,184.3206029239292,89.25597635092159,0.6115064625857495,-0.11366180565510409,0.7251682682408536,0.0033730161246133816,0.007732309849620186,7.348597716749783e-05,0.00010015580595867934
2025-07-01,3.8389491719017705,2.0798830103591386,4.2805,184.5752454720465,89.68459693731504,0.612887028887428,-0.10887114920120419,0.7217581780886322,0.0013805663016784875,0.004790656453899894,7.616349714056891e-05,9.956319498749533e-05
2025-10-01,3.854768703597944,2.0947027874906046,4.3173,184.02461325865943,89.28656112843545,0.6098993303848975,-0.11331920071350504,0.7232185310984025,-0.0029876985025304448,-0.004448051512300849,6.75772832988697e-05,9.285020726468307e-05
2026-01-01,3.9058252427184468,2.118476520375151,4.3418,184.36953183822789,89.958663289844,0.6117718828396302,-0.10581991794641116,0.7175918007860413,0.0018725524547327232,0.007499282767093884,7.349372692977418e-05,0.00011500541884823523
2026-04-01,3.938206739006282,2.1451259762752852,4.3568999999999996,183.5885995770017,90.39011083583011,0.6075271964632183,-0.1010353179828148,0.7085625144460331,-0.004244686376411955,0.004784599963596356,6.285525852511853e-05,9.575895575408833e-05
